1	756
1	863
1	902
1	912
1	951
1	964
1	988
1	989
1	990
1	994
1	997
1	1000
2	652
2	732
2	737
2	759
2	767
2	822
2	929
2	933
2	969
2	976
3	408
3	670
3	698
3	838
3	860
3	902
3	962
3	988
3	989
3	990
3	994
3	997
3	1000
4	583
4	683
4	705
4	781
4	807
4	884
4	891
4	939
5	543
5	763
5	787
5	836
5	940
5	971
5	980
5	985
5	991
5	993
5	998
5	999
6	42
6	813
6	835
6	920
6	923
6	956
6	962
6	988
6	994
6	997
6	1000
7	552
7	560
7	590
7	728
7	788
7	791
7	815
7	980
7	985
7	991
7	993
7	999
8	522
8	668
8	757
8	856
8	894
8	911
8	919
8	952
8	969
8	976
9	133
9	557
9	687
9	766
9	780
9	903
9	905
9	965
9	977
9	993
9	998
10	35
10	130
10	330
10	695
10	702
10	754
10	782
10	933
10	969
10	976
11	334
11	368
11	746
11	783
11	877
11	897
11	931
11	958
11	961
11	966
11	967
11	973
11	974
11	982
12	361
12	567
12	635
12	731
12	814
12	886
12	936
12	992
12	995
12	996
13	120
13	642
13	801
13	839
13	854
13	868
13	914
13	917
13	937
13	947
13	959
14	493
14	619
14	762
14	773
14	873
14	884
14	939
14	986
15	433
15	641
15	739
15	912
15	938
15	941
15	960
15	964
15	989
15	990
15	994
15	997
15	1000
16	439
16	648
16	835
16	848
16	923
16	951
16	956
16	988
16	989
16	990
16	994
16	1000
17	309
17	741
17	802
17	852
17	853
17	862
17	917
17	947
17	959
18	553
18	568
18	791
18	829
18	858
18	903
18	971
18	977
18	993
18	998
18	999
19	197
19	666
19	711
19	712
19	849
19	881
19	898
19	913
19	943
19	963
19	983
20	85
20	417
20	454
20	719
20	774
20	832
20	941
20	960
20	988
20	989
20	994
20	997
20	1000
21	252
21	619
21	677
21	683
21	699
21	781
21	873
21	884
21	939
21	945
22	51
22	274
22	392
22	623
22	795
22	873
22	880
22	945
22	946
22	986
23	566
23	790
23	804
23	818
23	895
23	916
23	926
23	954
23	970
23	981
23	984
23	987
24	640
24	745
24	848
24	902
24	941
24	942
24	951
24	956
24	990
24	994
24	997
24	1000
25	258
25	723
25	902
25	906
25	941
25	951
25	956
25	988
25	990
25	994
25	997
25	1000
26	607
26	637
26	746
26	867
26	872
26	944
26	949
26	967
26	968
26	974
26	982
27	564
27	594
27	843
27	897
27	931
27	932
27	935
27	958
27	966
27	968
27	982
28	482
28	761
28	832
28	860
28	912
28	942
28	960
28	962
28	989
28	994
28	997
28	1000
29	448
29	758
29	816
29	866
29	921
29	955
29	975
29	992
29	995
29	996
30	543
30	748
30	815
30	831
30	836
30	918
30	971
30	977
30	978
30	991
30	998
30	999
31	631
31	866
31	879
31	936
31	975
31	992
31	995
31	996
32	194
32	623
32	678
32	716
32	773
32	803
32	939
32	945
32	986
33	357
33	558
33	623
33	773
33	873
33	880
33	891
33	946
33	986
34	283
34	305
34	555
34	714
34	822
34	969
34	976
35	66
35	468
35	512
35	652
35	771
35	911
35	919
35	933
35	952
35	969
35	976
36	255
36	546
36	576
36	830
36	908
36	975
36	979
36	992
36	996
37	471
37	589
37	779
37	801
37	852
37	914
37	917
37	937
37	947
38	503
38	622
38	624
38	774
38	805
38	942
38	962
38	990
38	994
38	997
38	1000
39	287
39	535
39	684
39	705
39	939
39	979
39	986
40	595
40	886
40	908
40	925
40	936
40	979
40	992
40	995
40	996
41	298
41	457
41	549
41	694
41	885
41	948
41	975
41	992
41	995
41	996
42	65
42	269
42	429
42	739
42	912
42	928
42	941
42	988
42	989
42	994
42	997
42	1000
43	156
43	346
43	694
43	850
43	871
43	948
43	975
43	992
43	995
43	996
44	784
44	785
44	842
44	903
44	918
44	977
44	978
44	985
44	993
44	998
44	999
45	164
45	443
45	794
45	879
45	885
45	925
45	936
45	992
45	995
45	996
46	58
46	462
46	524
46	760
46	818
46	896
46	926
46	954
46	970
46	981
46	984
46	987
47	602
47	825
47	861
47	889
47	893
47	898
47	943
47	963
47	983
48	464
48	572
48	644
48	770
48	804
48	817
48	896
48	899
48	910
48	915
48	916
48	926
48	934
48	954
48	970
48	972
48	981
48	984
48	987
49	548
49	787
49	789
49	887
49	903
49	905
49	907
49	977
49	978
49	993
49	998
50	5
50	389
50	744
50	763
50	815
50	831
50	870
50	971
50	980
50	993
50	998
50	999
51	537
51	807
51	810
51	859
51	873
51	945
51	986
52	47
52	618
52	793
52	826
52	851
52	889
52	890
52	913
52	963
52	983
53	467
53	641
53	676
53	719
53	848
53	912
53	941
53	951
53	960
53	988
53	994
53	997
53	1000
54	642
54	741
54	802
54	839
54	854
54	862
54	914
54	937
54	959
55	804
55	817
55	895
55	896
55	899
55	910
55	922
55	926
55	934
55	954
55	970
55	972
55	981
55	984
55	987
56	139
56	653
56	677
56	884
56	891
56	900
56	939
56	986
57	242
57	681
57	694
57	798
57	830
57	948
57	979
57	992
57	995
57	996
58	403
58	435
58	614
58	692
58	790
58	804
58	817
58	910
58	916
58	926
58	970
58	972
58	981
58	984
58	987
59	455
59	566
59	669
59	804
59	817
59	821
59	896
59	910
59	926
59	934
59	970
59	972
59	981
59	984
59	987
60	263
60	383
60	733
60	865
60	897
60	909
60	930
60	966
60	967
60	968
60	973
60	974
60	982
61	18
61	831
61	855
61	918
61	940
61	953
61	965
61	977
61	980
61	985
61	991
61	993
61	998
61	999
62	481
62	495
62	501
62	565
62	838
62	920
62	988
62	990
62	994
62	997
62	1000
63	178
63	452
63	604
63	743
63	788
63	878
63	965
63	971
63	980
63	993
63	998
63	999
64	124
64	268
64	528
64	618
64	706
64	849
64	889
64	890
64	893
64	963
64	983
65	451
65	622
65	650
65	739
65	755
65	912
65	941
65	942
65	962
65	989
65	994
65	997
66	468
66	577
66	664
66	720
66	846
66	894
66	919
66	933
66	952
66	969
67	427
67	535
67	559
67	602
67	861
67	889
67	890
67	913
67	963
67	983
68	141
68	379
68	523
68	616
68	809
68	939
68	945
68	946
68	986
69	581
69	717
69	763
69	815
69	858
69	878
69	971
69	977
69	980
69	991
69	993
69	998
69	999
70	378
70	484
70	577
70	664
70	796
70	856
70	894
70	911
70	952
70	969
70	976
71	349
71	459
71	496
71	777
71	826
71	889
71	898
71	963
71	983
72	575
72	578
72	690
72	715
72	721
72	874
72	908
72	979
72	995
72	996
73	503
73	734
73	813
73	912
73	920
73	942
73	962
73	990
73	994
73	997
73	1000
74	79
74	600
74	829
74	887
74	903
74	965
74	977
74	985
74	993
74	998
74	999
75	700
75	729
75	761
75	837
75	902
75	941
75	942
75	989
75	994
75	997
75	1000
76	158
76	800
76	844
76	854
76	862
76	883
76	914
76	917
76	937
76	947
76	959
77	635
77	798
77	879
77	936
77	948
77	955
77	992
77	996
78	76
78	309
78	490
78	646
78	660
78	824
78	852
78	853
78	862
78	937
78	947
79	568
79	625
79	728
79	765
79	892
79	903
79	980
79	985
79	991
79	993
79	998
79	999
80	19
80	661
80	777
80	825
80	890
80	893
80	943
80	963
80	983
81	227
81	568
81	743
81	791
81	971
81	977
81	978
81	980
81	993
81	998
81	999
82	280
82	292
82	780
82	855
82	892
82	953
82	965
82	977
82	980
82	993
82	998
83	675
83	735
83	850
83	866
83	886
83	908
83	936
83	979
83	992
83	995
83	996
84	391
84	477
84	566
84	818
84	896
84	899
84	910
84	916
84	922
84	981
84	984
84	987
85	655
85	792
85	805
85	923
85	938
85	942
85	962
85	989
85	990
85	997
85	1000
86	258
86	597
86	792
86	805
86	834
86	838
86	956
86	960
86	964
86	990
86	994
86	997
86	1000
87	254
87	380
87	498
87	632
87	635
87	638
87	710
87	820
87	885
87	992
87	995
88	654
88	660
88	701
88	840
88	844
88	914
88	917
88	959
89	616
89	647
89	683
89	705
89	722
89	891
89	939
89	945
89	986
90	528
90	535
90	686
90	693
90	696
90	893
90	913
90	943
90	963
90	983
91	641
91	650
91	912
91	938
91	941
91	956
91	962
91	964
91	989
91	994
91	997
91	1000
92	196
92	463
92	656
92	882
92	920
92	938
92	941
92	964
92	988
92	990
92	994
92	997
92	1000
93	163
93	498
93	635
93	690
93	814
93	936
93	995
93	996
94	135
94	338
94	698
94	725
94	834
94	837
94	920
94	938
94	951
94	960
94	994
94	997
94	1000
95	315
95	773
95	806
95	810
95	859
95	880
95	884
95	945
95	986
96	6
96	318
96	420
96	458
96	837
96	950
96	962
96	989
96	990
96	994
96	1000
97	253
97	291
97	479
97	748
97	789
97	918
97	953
97	978
97	985
97	993
97	998
98	102
98	745
98	755
98	837
98	920
98	942
98	989
98	990
98	994
98	997
98	1000
99	63
99	452
99	472
99	488
99	892
99	918
99	940
99	957
99	971
99	993
99	998
99	999
100	1
100	367
100	670
100	837
100	920
100	951
100	988
100	990
100	994
100	997
100	1000
101	417
101	501
101	723
101	745
101	941
101	962
101	988
101	990
101	994
101	997
101	1000
102	65
102	529
102	627
102	729
102	823
102	928
102	964
102	988
102	989
102	997
102	1000
103	574
103	582
103	701
103	740
103	779
103	883
103	937
103	959
104	496
104	540
104	777
104	793
104	849
104	851
104	881
104	963
104	983
105	652
105	702
105	782
105	828
105	846
105	919
105	933
105	952
105	969
105	976
106	765
106	815
106	878
106	940
106	957
106	971
106	978
106	980
106	985
106	991
106	993
106	998
106	999
107	490
107	538
107	642
107	703
107	730
107	854
107	868
107	883
107	914
107	937
108	139
108	591
108	619
108	683
108	809
108	900
108	946
108	986
109	662
109	782
109	846
109	856
109	894
109	911
109	929
109	933
109	952
109	969
109	976
110	22
110	304
110	764
110	803
110	809
110	810
110	900
110	945
110	986
111	434
111	751
111	876
111	892
111	901
111	977
111	978
111	985
111	991
111	998
111	999
112	569
112	832
112	848
112	882
112	906
112	928
112	964
112	988
112	994
112	997
112	1000
113	203
113	522
113	720
113	749
113	759
113	822
113	911
113	929
113	969
114	390
114	470
114	688
114	716
114	781
114	806
114	891
114	939
114	946
115	101
115	196
115	430
115	444
115	605
115	739
115	950
115	960
115	988
115	994
115	1000
116	421
116	567
116	578
116	599
116	879
116	925
116	979
116	992
116	995
116	996
117	30
117	63
117	452
117	892
117	918
117	977
117	978
117	985
117	993
117	998
117	999
118	188
118	592
118	774
118	890
118	905
118	933
118	989
119	382
119	474
119	492
119	790
119	864
119	895
119	922
119	926
119	954
119	970
119	981
119	984
119	987
120	78
120	271
120	682
120	701
120	730
120	844
120	868
120	883
120	937
120	947
121	137
121	762
121	807
121	873
121	880
121	939
121	945
121	986
122	255
122	346
122	370
122	735
122	820
122	871
122	936
122	979
122	992
122	995
122	996
123	535
123	777
123	851
123	889
123	893
123	898
123	913
123	963
123	983
124	52
124	138
124	592
124	661
124	696
124	736
124	825
124	849
124	881
124	983
125	170
125	540
125	696
125	736
125	826
125	851
125	913
125	943
125	963
125	983
126	346
126	575
126	708
126	750
126	820
126	908
126	936
126	979
126	992
126	995
126	996
127	348
127	426
127	738
127	746
127	843
127	897
127	944
127	958
127	966
127	968
127	973
127	974
127	982
128	843
128	909
128	924
128	931
128	932
128	935
128	944
128	961
128	966
128	967
128	973
128	982
129	395
129	547
129	615
129	826
129	881
129	893
129	913
129	943
129	963
129	983
130	436
130	702
130	769
130	782
130	828
130	911
130	919
130	933
130	969
130	976
131	541
131	601
131	610
131	791
131	841
131	870
131	892
131	907
131	971
131	978
131	998
132	329
132	453
132	600
132	784
132	812
132	907
132	978
132	991
132	993
132	998
132	999
133	545
133	876
133	892
133	907
133	965
133	971
133	978
133	980
133	993
133	998
133	999
134	350
134	738
134	833
134	924
134	930
134	931
134	944
134	961
134	966
134	967
134	973
134	982
135	20
135	338
135	650
135	832
135	906
135	950
135	962
135	964
135	989
135	994
135	997
135	1000
136	167
136	571
136	607
136	612
136	709
136	746
136	865
136	909
136	944
136	966
136	968
136	973
136	982
137	21
137	795
137	806
137	873
137	891
137	900
137	939
137	946
137	986
138	52
138	602
138	706
138	793
138	826
138	861
138	913
138	963
138	983
139	470
139	773
139	781
139	809
139	891
139	945
139	986
140	83
140	489
140	500
140	681
140	886
140	908
140	979
140	995
140	996
141	558
141	678
141	699
141	722
141	781
141	809
141	891
141	946
142	452
142	634
142	763
142	780
142	791
142	815
142	858
142	940
142	971
142	980
142	991
142	998
142	999
143	751
143	765
143	780
143	789
143	791
143	892
143	903
143	965
143	993
143	998
143	999
144	286
144	463
144	536
144	656
144	756
144	774
144	834
144	912
144	956
144	990
144	994
144	997
144	1000
145	75
145	310
145	627
145	729
145	906
145	912
145	942
145	962
145	988
145	994
145	997
145	1000
146	103
146	589
146	730
146	853
146	868
146	883
146	914
146	937
146	947
147	465
147	600
147	636
147	747
147	789
147	829
147	841
147	907
147	978
147	993
147	998
148	167
148	374
148	738
148	872
148	924
148	932
148	961
148	967
148	968
148	973
148	974
148	982
149	132
149	553
149	788
149	811
149	815
149	878
149	918
149	971
149	978
149	991
149	993
149	998
149	999
150	564
150	746
150	877
150	924
150	931
150	935
150	949
150	961
150	966
150	967
150	973
150	974
151	177
151	182
151	694
151	830
151	871
151	908
151	948
151	975
151	996
152	525
152	792
152	823
152	845
152	912
152	928
152	942
152	964
152	988
152	997
152	1000
153	173
153	626
153	650
153	739
153	755
153	792
153	928
153	942
153	988
153	989
153	997
153	1000
154	463
154	534
154	650
154	756
154	832
154	912
154	941
154	951
154	989
154	994
154	997
154	1000
155	364
155	638
155	721
155	768
155	871
155	886
155	955
155	979
155	992
155	995
155	996
156	155
156	242
156	593
156	768
156	885
156	921
156	975
156	992
156	995
157	644
157	704
157	753
157	772
157	857
157	895
157	899
157	916
157	970
157	972
157	981
157	984
157	987
158	325
158	405
158	582
158	802
158	839
158	840
158	847
158	852
158	917
158	937
158	959
159	383
159	733
159	872
159	944
159	949
159	958
159	961
159	966
159	967
159	968
159	973
159	974
159	982
160	57
160	332
160	586
160	697
160	820
160	830
160	936
160	979
160	992
160	995
160	996
161	584
161	717
161	726
161	765
161	842
161	901
161	971
161	980
161	991
161	993
161	998
161	999
162	819
162	872
162	909
162	924
162	930
162	931
162	935
162	949
162	966
162	967
162	973
162	974
162	982
163	380
163	448
163	609
163	874
163	886
163	921
163	975
163	979
163	995
163	996
164	93
164	673
164	681
164	816
164	925
164	927
164	948
164	979
164	995
165	700
165	835
165	912
165	923
165	928
165	950
165	951
165	988
165	990
165	994
165	997
165	1000
166	545
166	563
166	763
166	786
166	907
166	953
166	977
166	978
166	985
166	998
166	999
167	127
167	426
167	621
167	783
167	819
167	867
167	897
167	909
167	958
167	966
167	967
167	968
167	973
167	982
168	300
168	476
168	800
168	839
168	840
168	847
168	854
168	914
168	947
168	959
169	343
169	466
169	794
169	850
169	885
169	925
169	992
169	995
169	996
170	64
170	402
170	777
170	793
170	889
170	893
170	898
170	963
170	983
171	121
171	252
171	532
171	573
171	616
171	678
171	873
171	880
171	946
171	986
172	52
172	559
172	602
172	711
172	825
172	849
172	890
172	893
172	943
172	963
172	983
173	433
173	665
173	920
173	938
173	941
173	956
173	962
173	988
173	989
173	994
173	997
173	1000
174	373
174	707
174	791
174	855
174	892
174	953
174	977
174	978
174	993
174	998
174	999
175	248
175	560
175	625
175	743
175	831
175	836
175	855
175	940
175	971
175	980
175	991
175	993
175	998
175	999
176	631
176	776
176	830
176	874
176	879
176	927
176	975
176	979
176	995
176	996
177	351
177	480
177	651
177	715
177	830
177	879
177	936
177	955
177	979
177	996
178	428
178	472
178	625
178	659
178	717
178	765
178	842
178	875
178	905
178	980
178	998
178	999
179	339
179	733
179	738
179	783
179	865
179	931
179	932
179	935
179	944
179	961
179	966
179	968
179	974
179	982
180	614
180	692
180	790
180	818
180	895
180	910
180	915
180	922
180	926
180	934
180	984
180	987
181	699
181	705
181	716
181	781
181	859
181	946
181	986
182	635
182	651
182	731
182	874
182	936
182	948
182	975
182	992
182	995
182	996
183	5
183	563
183	763
183	815
183	901
183	971
183	977
183	980
183	985
183	991
183	993
183	998
183	999
184	467
184	534
184	723
184	823
184	928
184	938
184	964
184	988
184	990
184	997
184	1000
185	627
185	698
185	834
185	837
185	920
185	950
185	962
185	964
185	989
185	990
185	997
185	1000
186	475
186	583
186	591
186	616
186	781
186	939
186	945
187	423
187	623
187	647
187	653
187	688
187	773
187	900
187	945
187	946
187	986
188	644
188	704
188	775
188	821
188	857
188	915
188	916
188	922
188	954
188	970
188	972
188	981
188	987
189	327
189	761
189	827
189	920
189	941
189	964
189	988
189	989
189	990
189	994
189	997
189	1000
190	585
190	709
190	897
190	909
190	932
190	935
190	961
190	966
190	968
190	973
190	982
191	626
191	719
191	792
191	845
191	912
191	920
191	960
191	962
191	989
191	990
191	994
191	997
191	1000
192	92
192	503
192	597
192	723
192	756
192	964
192	988
192	989
192	994
192	997
192	1000
193	713
193	744
193	797
193	841
193	903
193	957
193	971
193	978
193	991
193	993
193	998
194	239
194	383
194	795
194	810
194	891
194	939
194	986
195	286
195	579
195	938
195	942
195	950
195	956
195	964
195	988
195	989
195	990
195	997
196	482
196	485
196	655
196	723
196	792
196	823
196	838
196	923
196	964
196	988
196	997
197	268
197	736
197	851
197	861
197	890
197	893
197	898
197	963
197	983
198	424
198	770
198	799
198	864
198	895
198	910
198	926
198	970
198	981
198	984
198	987
199	797
199	811
199	892
199	905
199	965
199	977
199	980
199	985
199	993
199	998
199	999
200	441
200	574
200	703
200	779
200	824
200	839
200	847
200	917
200	937
200	947
200	959
201	823
201	827
201	882
201	928
201	938
201	942
201	964
201	988
201	990
201	997
201	1000
202	204
202	897
202	909
202	935
202	944
202	958
202	961
202	967
202	968
202	973
202	974
202	982
203	340
203	533
203	662
203	702
203	822
203	856
203	952
203	976
204	461
204	783
204	833
204	897
204	909
204	924
204	944
204	966
204	967
204	973
204	974
204	982
205	43
205	412
205	450
205	588
205	871
205	904
205	927
205	955
205	992
205	995
205	996
206	317
206	386
206	453
206	543
206	552
206	784
206	829
206	831
206	842
206	940
206	991
206	993
206	998
206	999
207	42
207	657
207	774
207	837
207	860
207	882
207	928
207	950
207	962
207	988
207	989
207	994
207	997
207	1000
208	606
208	692
208	799
208	821
208	864
208	899
208	910
208	922
208	934
208	954
208	981
208	987
209	698
209	805
209	834
209	902
209	912
209	928
209	941
209	956
209	962
209	994
209	997
209	1000
210	324
210	369
210	620
210	719
210	729
210	920
210	923
210	942
210	950
210	951
210	989
210	994
210	997
211	315
211	647
211	658
211	810
211	880
211	891
211	946
211	986
212	164
212	411
212	879
212	886
212	948
212	955
212	975
212	979
212	995
212	996
213	229
213	380
213	814
213	886
213	908
213	955
213	979
213	992
213	995
213	996
214	525
214	579
214	611
214	620
214	928
214	938
214	941
214	988
214	994
214	997
214	1000
215	302
215	587
215	662
215	771
215	796
215	856
215	869
215	894
215	919
215	929
215	952
216	193
216	488
216	841
216	855
216	858
216	878
216	901
216	980
216	991
216	993
216	998
216	999
217	297
217	359
217	504
217	610
217	766
217	785
217	901
217	940
217	965
217	971
217	980
217	991
217	998
217	999
218	354
218	398
218	411
218	814
218	820
218	871
218	936
218	992
219	380
219	443
219	598
219	632
219	808
219	850
219	904
219	979
219	995
219	996
220	477
220	817
220	910
220	915
220	916
220	926
220	934
220	972
220	981
220	984
220	987
221	734
221	823
221	838
221	906
221	938
221	950
221	960
221	988
221	989
221	990
221	994
221	997
221	1000
222	766
222	797
222	812
222	836
222	875
222	905
222	971
222	977
222	991
222	993
222	998
222	999
223	604
223	659
223	687
223	751
223	940
223	957
223	965
223	971
223	985
223	991
223	993
223	998
223	999
224	586
224	758
224	886
224	925
224	936
224	975
224	992
224	995
224	996
225	10
225	732
225	749
225	754
225	856
225	869
225	929
225	952
225	969
226	186
226	187
226	475
226	683
226	705
226	773
226	806
226	807
226	891
226	900
226	986
227	465
227	747
227	841
227	855
227	901
227	905
227	940
227	957
227	980
227	985
227	998
228	646
228	682
228	741
228	778
228	844
228	853
228	854
228	868
228	883
228	937
228	959
229	480
229	530
229	632
229	885
229	921
229	948
229	979
229	992
229	995
229	996
230	64
230	381
230	666
230	696
230	861
230	893
230	898
230	943
230	963
230	983
231	337
231	477
231	704
231	775
231	857
231	895
231	916
231	922
231	970
231	972
231	981
231	984
231	987
232	569
232	622
232	656
232	827
232	912
232	938
232	962
232	988
232	994
232	997
232	1000
233	10
233	66
233	283
233	643
233	668
233	771
233	846
233	929
233	933
233	952
233	976
234	159
234	277
234	909
234	924
234	931
234	932
234	961
234	967
234	968
234	973
234	974
234	982
235	594
235	843
235	865
235	877
235	930
235	931
235	944
235	958
235	961
235	968
235	974
235	982
236	68
236	95
236	274
236	616
236	762
236	803
236	806
236	880
236	939
236	946
236	986
237	21
237	511
237	591
237	678
237	684
237	810
237	873
237	945
237	986
238	632
238	681
238	710
238	830
238	850
238	908
238	979
238	992
238	995
238	996
239	325
239	740
239	802
239	840
239	853
239	862
239	868
239	883
239	947
239	959
240	361
240	588
240	632
240	850
240	886
240	948
240	979
240	992
240	995
240	996
241	387
241	497
241	499
241	610
241	628
241	747
241	892
241	903
241	953
241	978
241	998
241	999
242	442
242	526
242	708
242	886
242	936
242	948
242	955
242	979
242	995
242	996
243	508
243	609
243	758
243	874
243	904
243	925
243	975
243	992
243	995
244	73
244	745
244	906
244	950
244	951
244	956
244	960
244	964
244	988
244	989
244	990
244	997
244	1000
245	363
245	517
245	586
245	731
245	820
245	904
245	975
245	979
245	992
245	995
245	996
246	621
246	872
246	877
246	897
246	924
246	931
246	935
246	944
246	949
246	958
246	966
246	967
246	974
247	295
247	504
247	604
247	748
247	797
247	858
247	878
247	918
247	953
247	980
247	993
247	999
248	513
248	604
248	628
248	831
248	887
248	905
248	957
248	978
248	991
248	998
248	999
249	57
249	116
249	177
249	245
249	708
249	820
249	936
249	979
249	992
249	995
249	996
250	371
250	477
250	704
250	753
250	817
250	888
250	895
250	916
250	922
250	934
250	972
250	981
250	987
251	214
251	597
251	860
251	920
251	923
251	950
251	956
251	964
251	988
251	989
251	1000
252	32
252	68
252	211
252	583
252	873
252	884
252	986
253	106
253	497
253	610
253	785
253	786
253	841
253	870
253	978
253	991
253	998
253	999
254	281
254	457
254	697
254	874
254	904
254	921
254	979
254	992
254	996
255	354
255	593
255	689
255	752
255	874
255	886
255	904
255	936
255	992
255	995
255	996
256	435
256	775
256	799
256	817
256	910
256	915
256	922
256	954
256	970
256	981
256	987
257	350
257	612
257	843
257	867
257	944
257	958
257	961
257	966
257	967
257	968
257	973
257	974
257	982
258	433
258	639
258	813
258	832
258	860
258	928
258	938
258	941
258	956
258	989
258	997
258	1000
259	205
259	567
259	651
259	708
259	710
259	904
259	921
259	936
259	979
259	992
259	996
260	280
260	306
260	488
260	765
260	878
260	918
260	977
260	980
260	991
260	993
260	998
260	999
261	238
261	343
261	609
261	681
261	715
261	721
261	936
261	992
261	995
261	996
262	110
262	114
262	194
262	806
262	880
262	884
262	986
263	11
263	483
263	897
263	931
263	935
263	949
263	958
263	966
263	968
263	974
263	982
264	235
264	733
264	746
264	783
264	909
264	924
264	949
264	961
264	967
264	973
264	974
264	982
265	155
265	609
265	697
265	718
265	925
265	948
265	975
265	979
265	995
265	996
266	90
266	592
266	693
266	711
266	851
266	861
266	890
266	913
266	943
266	963
267	538
267	660
267	800
267	801
267	824
267	839
267	852
267	862
267	917
267	937
267	959
268	416
268	486
268	562
268	666
268	706
268	712
268	826
268	849
268	890
268	963
268	983
269	454
269	569
269	756
269	832
269	834
269	838
269	906
269	941
269	951
269	990
269	994
269	1000
270	239
270	296
270	490
270	550
270	642
270	703
270	800
270	854
270	914
270	947
270	959
271	491
271	778
271	839
271	840
271	844
271	852
271	883
271	917
271	959
272	479
272	551
272	552
272	787
272	812
272	918
272	977
272	978
272	985
272	998
272	999
273	213
273	238
273	820
273	850
273	871
273	879
273	885
273	936
273	979
273	992
273	995
274	51
274	110
274	121
274	558
274	658
274	688
274	764
274	880
274	939
274	945
274	986
275	365
275	399
275	578
275	768
275	798
275	886
275	975
275	992
275	995
276	111
276	786
276	791
276	887
276	901
276	903
276	905
276	918
276	957
276	980
276	998
276	999
277	377
277	819
277	872
277	909
277	924
277	931
277	935
277	961
277	966
277	967
277	973
277	974
277	982
278	674
278	739
278	755
278	863
278	923
278	942
278	951
278	989
278	990
278	997
278	1000
279	612
279	877
279	930
279	932
279	949
279	958
279	966
279	968
279	973
279	974
279	982
280	437
280	542
280	751
280	763
280	797
280	876
280	907
280	971
280	978
280	991
280	993
280	999
281	83
281	354
281	570
281	718
281	850
281	874
281	975
281	979
281	995
281	996
282	320
282	750
282	820
282	874
282	886
282	925
282	927
282	936
282	979
282	992
282	995
283	8
283	203
283	305
283	649
283	652
283	732
283	919
283	933
283	969
283	976
284	246
284	277
284	819
284	843
284	877
284	924
284	930
284	949
284	958
284	967
284	973
284	982
285	298
285	526
285	694
285	820
285	904
285	908
285	936
285	975
285	992
285	995
285	996
286	94
286	278
286	627
286	700
286	729
286	827
286	928
286	938
286	956
286	997
286	1000
287	507
287	637
287	930
287	931
287	932
287	935
287	949
287	961
287	967
287	968
287	973
287	974
287	982
288	513
288	707
288	786
288	855
288	901
288	907
288	918
288	940
288	991
288	998
288	999
289	273
289	561
289	645
289	721
289	814
289	816
289	850
289	908
289	995
289	996
290	213
290	285
290	632
290	673
290	708
290	955
290	975
290	992
290	995
290	996
291	518
291	542
291	743
291	870
291	887
291	918
291	953
291	971
291	980
291	993
291	998
291	999
292	69
292	707
292	748
292	870
292	875
292	887
292	907
292	953
292	971
292	977
292	980
292	985
292	991
292	998
292	999
293	335
293	506
293	570
293	593
293	675
293	690
293	715
293	752
293	908
293	936
293	995
294	536
294	700
294	745
294	837
294	863
294	920
294	923
294	941
294	962
294	990
294	994
294	1000
295	97
295	385
295	513
295	744
295	766
295	965
295	971
295	980
295	985
295	991
295	998
295	999
296	413
296	660
296	682
296	701
296	839
296	840
296	852
296	854
296	862
296	914
297	389
297	504
297	717
297	787
297	876
297	901
297	907
297	940
297	971
297	980
297	993
297	998
297	999
298	768
298	820
298	885
298	886
298	948
298	955
298	975
298	979
298	995
298	996
299	323
299	533
299	554
299	617
299	742
299	767
299	782
299	856
299	952
299	969
299	976
300	228
300	682
300	740
300	741
300	844
300	853
300	854
300	868
300	937
300	947
300	959
301	242
301	613
301	638
301	694
301	921
301	925
301	948
301	992
301	995
301	996
302	113
302	554
302	649
302	668
302	846
302	894
302	911
302	933
302	952
302	969
302	976
303	105
303	378
303	695
303	742
303	759
303	769
303	782
303	846
303	911
303	969
303	976
304	677
304	688
304	699
304	773
304	806
304	859
304	945
304	946
304	986
305	720
305	749
305	759
305	856
305	894
305	911
305	929
305	969
305	976
306	227
306	316
306	727
306	797
306	812
306	831
306	903
306	965
306	980
306	985
306	991
306	998
306	999
307	611
307	640
307	680
307	755
307	827
307	832
307	938
307	988
307	990
307	994
307	997
308	321
308	542
308	728
308	743
308	751
308	901
308	905
308	965
308	978
308	980
308	999
309	490
309	521
309	824
309	852
309	868
309	917
309	937
309	947
309	959
310	792
310	848
310	928
310	938
310	941
310	942
310	964
310	988
310	990
310	997
310	1000
311	403
311	524
311	724
311	821
311	888
311	895
311	910
311	970
311	972
311	984
311	987
312	180
312	256
312	492
312	857
312	888
312	915
312	922
312	926
312	954
312	972
312	981
312	984
312	987
313	451
313	755
313	827
313	923
313	928
313	938
313	964
313	988
313	994
313	997
313	1000
314	331
314	489
314	697
314	735
314	908
314	925
314	948
314	955
314	979
314	996
315	699
315	716
315	764
315	810
315	859
315	900
315	945
315	946
315	986
316	563
316	630
316	667
316	707
316	766
316	815
316	870
316	907
316	953
316	971
316	993
316	998
316	999
317	376
317	428
317	628
317	629
317	784
317	887
317	901
317	940
317	971
317	980
317	991
317	993
317	999
318	20
318	648
318	734
318	835
318	928
318	950
318	960
318	964
318	989
318	990
318	997
319	396
319	597
319	605
319	700
319	827
319	923
319	938
319	964
319	990
319	997
319	1000
320	273
320	331
320	480
320	635
320	731
320	794
320	992
320	995
320	996
321	99
321	149
321	295
321	389
321	560
321	728
321	887
321	965
321	971
321	991
321	993
321	999
322	499
322	505
322	604
322	634
322	765
322	786
322	789
322	791
322	905
322	977
322	998
323	596
323	664
323	737
323	749
323	869
323	894
323	911
323	919
323	929
323	976
324	98
324	341
324	478
324	519
324	655
324	674
324	834
324	941
324	951
324	989
324	994
324	1000
325	441
325	801
325	802
325	824
325	844
325	854
325	862
325	868
325	947
325	959
326	278
326	444
326	605
326	761
326	827
326	938
326	950
326	964
326	988
326	990
326	997
327	313
327	611
327	719
327	813
327	863
327	902
327	923
327	942
327	962
327	990
327	997
327	1000
328	330
328	587
328	695
328	720
328	796
328	828
328	894
328	929
328	933
328	952
329	568
329	581
329	584
329	751
329	811
329	878
329	918
329	953
329	971
329	977
329	991
329	993
330	225
330	328
330	512
330	643
330	702
330	714
330	720
330	771
330	846
330	952
331	273
331	290
331	450
331	710
331	921
331	955
331	979
331	992
331	996
332	151
332	224
332	638
332	776
332	830
332	904
332	908
332	955
332	995
332	996
333	440
333	496
333	777
333	849
333	851
333	881
333	913
333	943
333	963
333	983
334	350
334	460
334	733
334	738
334	865
334	867
334	872
334	897
334	930
334	932
334	961
334	967
334	968
334	973
334	982
335	126
335	506
335	561
335	820
335	830
335	871
335	925
335	936
335	955
335	995
336	515
336	664
336	742
336	767
336	822
336	894
336	911
336	929
336	933
336	952
337	311
337	391
337	403
337	772
337	864
337	888
337	915
337	934
337	970
337	972
337	981
337	984
337	987
338	62
338	75
338	519
338	627
338	640
338	734
338	774
338	938
338	964
338	989
338	1000
339	368
339	374
339	738
339	867
339	909
339	930
339	932
339	935
339	961
339	973
339	982
340	303
340	737
340	759
340	782
340	828
340	856
340	952
340	969
340	976
341	6
341	326
341	640
341	657
341	827
341	923
341	950
341	988
341	994
341	997
341	1000
342	60
342	204
342	483
342	585
342	867
342	872
342	924
342	930
342	935
342	961
342	966
342	973
343	243
343	715
343	814
343	816
343	866
343	885
343	904
343	936
343	979
343	995
343	996
344	202
344	527
344	571
344	663
344	867
344	897
344	909
344	932
344	958
344	966
344	967
344	973
344	974
344	982
345	419
345	704
345	760
345	775
345	857
345	888
345	895
345	916
345	922
345	954
345	970
345	981
345	984
345	987
346	77
346	708
346	735
346	808
346	885
346	904
346	936
346	948
346	995
346	996
347	432
347	724
347	772
347	864
347	888
347	915
347	922
347	926
347	970
347	972
347	981
347	984
347	987
348	350
348	585
348	733
348	865
348	872
348	930
348	932
348	935
348	949
348	958
348	967
348	968
348	973
348	982
349	129
349	618
349	661
349	666
349	711
349	825
349	913
349	963
349	983
350	134
350	162
350	334
350	431
350	819
350	865
350	932
350	935
350	944
350	949
350	966
350	974
350	982
351	254
351	466
351	586
351	673
351	710
351	820
351	908
351	925
351	995
351	996
352	362
352	633
352	649
352	695
352	754
352	771
352	929
352	952
352	969
352	976
353	420
353	729
353	774
353	832
353	920
353	941
353	942
353	960
353	988
353	990
353	997
353	1000
354	40
354	398
354	421
354	599
354	808
354	925
354	948
354	979
354	992
354	995
354	996
355	515
355	555
355	742
355	754
355	846
355	869
355	911
355	919
355	929
355	969
355	976
356	734
356	761
356	834
356	950
356	956
356	960
356	962
356	989
356	990
356	994
356	997
356	1000
357	388
357	537
357	539
357	591
357	647
357	873
357	939
357	945
357	946
357	986
358	24
358	210
358	341
358	454
358	531
358	536
358	813
358	912
358	994
358	997
358	1000
359	545
359	563
359	786
359	812
359	815
359	901
359	971
359	977
359	978
359	993
359	998
360	175
360	628
360	829
360	876
360	907
360	918
360	940
360	971
360	980
360	985
360	993
360	998
360	999
361	12
361	394
361	411
361	509
361	816
361	874
361	904
361	927
361	992
361	995
361	996
362	633
362	643
362	685
362	695
362	782
362	919
362	929
362	933
362	969
362	976
363	36
363	599
363	673
363	715
363	816
363	904
363	948
363	979
363	992
363	995
363	996
364	301
364	609
364	675
364	904
364	921
364	948
364	975
364	979
364	992
364	995
364	996
365	41
365	599
365	816
365	850
365	904
365	921
365	955
365	979
365	992
365	995
365	996
366	479
366	747
366	748
366	788
366	812
366	965
366	971
366	980
366	985
366	991
366	993
366	998
366	999
367	326
367	605
367	756
367	774
367	805
367	834
367	902
367	942
367	951
367	989
367	1000
368	202
368	339
368	483
368	746
368	897
368	924
368	930
368	935
368	944
368	961
368	974
368	982
369	92
369	310
369	430
369	449
369	813
369	863
369	923
369	964
369	988
369	997
369	1000
370	530
370	609
370	776
370	879
370	925
370	927
370	992
370	995
370	996
371	474
371	487
371	775
371	790
371	857
371	895
371	916
371	922
371	954
371	970
371	972
371	981
371	984
371	987
372	286
372	324
372	463
372	624
372	698
372	837
372	938
372	951
372	990
372	997
372	1000
373	99
373	295
373	366
373	727
373	858
373	940
373	971
373	985
373	991
373	993
373	998
373	999
374	418
374	709
374	819
374	843
374	872
374	932
374	935
374	944
374	958
374	968
374	974
374	982
375	250
375	608
375	790
375	821
375	896
375	899
375	910
375	915
375	934
375	954
375	970
375	972
375	981
375	984
375	987
376	61
376	216
376	253
376	763
376	785
376	831
376	887
376	918
376	980
376	985
376	993
376	999
377	339
377	833
377	843
377	909
377	924
377	930
377	935
377	944
377	961
377	967
377	968
377	982
378	695
378	702
378	732
378	754
378	869
378	919
378	933
378	952
378	969
378	976
379	108
379	237
379	274
379	773
379	795
379	806
379	891
379	939
379	945
379	946
379	986
380	122
380	229
380	281
380	509
380	588
380	710
380	850
380	879
380	925
380	948
380	992
381	266
381	427
381	446
381	547
381	711
381	881
381	893
381	963
381	983
382	58
382	753
382	804
382	821
382	857
382	888
382	899
382	926
382	934
382	954
382	970
382	972
382	981
382	984
382	987
383	11
383	344
383	585
383	872
383	909
383	932
383	935
383	949
383	958
383	968
383	982
384	90
384	486
384	666
384	706
384	736
384	825
384	849
384	881
384	943
384	963
384	983
385	206
385	636
385	713
385	717
385	747
385	829
385	870
385	905
385	940
385	957
385	980
385	993
385	999
386	63
386	222
386	548
386	784
386	811
386	940
386	953
386	957
386	978
386	980
386	991
386	993
387	580
387	726
387	747
387	763
387	876
387	887
387	977
387	978
387	991
387	998
387	999
388	89
388	211
388	537
388	653
388	658
388	684
388	688
388	764
388	880
388	945
388	986
389	584
389	743
389	878
389	901
389	903
389	905
389	980
389	985
389	993
389	998
389	999
390	139
390	470
390	494
390	684
390	781
390	873
390	891
391	23
391	220
391	419
391	753
391	799
391	915
391	934
391	954
391	970
391	972
391	981
391	984
391	987
392	181
392	226
392	537
392	683
392	900
392	946
393	541
393	728
393	789
393	811
393	858
393	870
393	887
393	971
393	980
393	993
393	998
393	999
394	126
394	731
394	794
394	798
394	908
394	936
394	975
394	992
394	995
394	996
395	197
395	562
395	666
395	711
395	793
395	849
395	889
395	913
395	943
395	983
396	531
396	723
396	755
396	756
396	923
396	942
396	950
396	988
396	989
396	997
396	1000
397	296
397	682
397	741
397	778
397	824
397	854
397	917
397	937
397	947
397	959
398	546
398	638
398	710
398	750
398	816
398	904
398	936
398	979
398	992
398	995
398	996
399	176
399	798
399	904
399	925
399	927
399	936
399	992
399	995
399	996
400	363
400	549
400	645
400	874
400	921
400	925
400	927
400	975
400	979
401	287
401	709
401	738
401	819
401	833
401	930
401	932
401	935
401	949
401	958
401	973
401	982
402	67
402	384
402	395
402	693
402	881
402	889
402	893
402	898
402	943
402	963
402	983
403	337
403	419
403	455
403	704
403	760
403	818
403	857
403	864
403	895
403	910
403	970
403	972
403	984
403	987
404	38
404	115
404	152
404	454
404	458
404	529
404	823
404	942
404	990
404	997
404	1000
405	309
405	476
405	646
405	660
405	778
405	779
405	801
405	847
405	947
405	959
406	553
406	601
406	836
406	858
406	875
406	887
406	940
406	971
406	980
406	993
406	998
406	999
407	91
407	101
407	209
407	369
407	420
407	525
407	950
407	951
407	962
407	994
407	997
407	1000
408	75
408	396
408	449
408	569
408	813
408	848
408	938
408	942
408	964
408	997
408	1000
409	405
409	642
409	703
409	778
409	800
409	824
409	854
409	937
409	959
410	56
410	425
410	616
410	764
410	795
410	807
410	873
410	939
410	946
410	986
411	517
411	750
411	752
411	776
411	927
411	975
411	992
411	995
411	996
412	219
412	399
412	457
412	506
412	508
412	718
412	798
412	871
412	904
412	908
413	589
413	740
413	778
413	779
413	800
413	868
413	914
413	917
413	947
413	959
414	209
414	698
414	734
414	792
414	902
414	942
414	988
414	989
414	990
414	997
414	1000
415	147
415	434
415	842
415	878
415	957
415	977
415	985
415	991
415	993
415	998
415	999
416	440
416	516
416	666
416	849
416	851
416	893
416	898
416	913
416	943
416	963
416	983
417	579
417	834
417	837
417	920
417	941
417	950
417	962
417	988
417	989
417	994
417	997
417	1000
418	746
418	833
418	843
418	872
418	930
418	931
418	932
418	949
418	968
418	973
418	974
418	982
419	208
419	790
419	864
419	896
419	899
419	910
419	922
419	926
419	934
419	954
419	970
419	972
419	981
419	984
419	987
420	761
420	792
420	805
420	832
420	902
420	920
420	964
420	988
420	989
420	994
420	997
421	282
421	645
421	750
421	925
421	927
421	979
421	992
421	995
421	996
422	2
422	355
422	702
422	759
422	767
422	796
422	846
422	856
422	911
422	976
423	410
423	425
423	658
423	795
423	803
423	807
423	884
423	900
423	946
423	986
424	345
424	432
424	770
424	864
424	888
424	915
424	922
424	954
424	970
424	972
424	981
424	984
424	987
425	357
425	539
425	619
425	678
425	722
425	900
425	946
425	986
426	27
426	284
426	368
426	865
426	872
426	924
426	931
426	935
426	944
426	966
426	967
426	973
426	974
427	661
427	696
427	861
427	890
427	893
427	913
427	943
427	963
427	983
428	789
428	812
428	858
428	901
428	903
428	978
428	985
428	991
428	993
428	998
428	999
429	73
429	451
429	656
429	834
429	863
429	938
429	950
429	962
429	988
429	994
429	997
429	1000
430	15
430	85
430	603
430	665
430	951
430	964
430	988
430	990
430	994
430	997
430	1000
431	190
431	473
431	612
431	637
431	833
431	843
431	909
431	932
431	944
431	949
431	966
431	967
431	968
431	973
431	974
432	180
432	375
432	464
432	760
432	770
432	817
432	916
432	934
432	954
432	970
432	981
432	984
432	987
433	478
433	805
433	823
433	928
433	938
433	942
433	956
433	988
433	989
433	994
433	997
433	1000
434	518
434	855
434	875
434	878
434	901
434	953
434	977
434	978
434	991
434	998
434	999
435	375
435	462
435	474
435	821
435	896
435	899
435	910
435	934
435	954
435	981
435	984
435	987
436	299
436	422
436	533
436	754
436	757
436	771
436	822
436	846
436	952
436	969
437	321
437	541
437	630
437	811
437	829
437	858
437	907
437	940
437	953
437	957
437	977
437	985
437	993
437	998
437	999
438	519
438	626
438	640
438	700
438	725
438	928
438	942
438	950
438	960
438	962
438	990
438	994
438	1000
439	307
439	445
439	469
439	745
439	906
439	920
439	941
439	962
439	990
439	994
439	997
439	1000
440	446
440	562
440	736
440	826
440	890
440	893
440	913
440	963
440	983
441	37
441	660
441	741
441	779
441	840
441	868
441	883
441	917
441	937
441	947
442	12
442	29
442	412
442	598
442	613
442	645
442	816
442	879
442	948
442	979
442	996
443	400
443	721
443	768
443	830
443	879
443	908
443	936
443	992
443	995
443	996
444	451
444	503
444	639
444	837
444	863
444	942
444	964
444	988
444	989
444	994
444	997
444	1000
445	353
445	414
445	611
445	672
445	725
445	813
445	942
445	964
445	994
445	997
445	1000
446	559
446	592
446	825
446	849
446	861
446	893
446	943
446	963
446	983
447	426
447	461
447	571
447	585
447	709
447	833
447	924
447	931
447	949
447	958
447	961
447	966
447	967
447	968
447	973
447	974
447	982
448	638
448	758
448	866
448	921
448	927
448	975
448	992
448	995
448	996
449	152
449	407
449	429
449	641
449	676
449	823
449	923
449	964
449	989
449	990
449	994
450	212
450	752
450	794
450	816
450	850
450	885
450	886
450	921
450	927
450	992
450	996
451	102
451	318
451	700
451	745
451	923
451	928
451	960
451	988
451	989
451	994
451	1000
452	44
452	49
452	502
452	630
452	728
452	842
452	953
452	977
452	978
452	980
452	993
452	999
453	183
453	316
453	659
453	829
453	971
453	977
453	978
453	985
453	991
453	993
453	999
454	25
454	207
454	327
454	723
454	734
454	845
454	956
454	964
454	990
454	994
454	997
455	84
455	760
455	799
455	804
455	821
455	899
455	916
455	934
455	954
455	972
455	981
455	987
456	62
456	622
456	761
456	848
456	941
456	960
456	964
456	988
456	994
456	997
456	1000
457	43
457	212
457	578
457	635
457	794
457	874
457	992
457	995
457	996
458	438
458	534
458	823
458	827
458	834
458	848
458	863
458	923
458	962
458	988
458	989
458	994
459	80
459	381
459	384
459	711
459	881
459	889
459	898
459	943
459	963
459	983
460	167
460	377
460	483
460	564
460	709
460	931
460	944
460	949
460	958
460	966
460	968
460	973
461	342
461	401
461	507
461	564
461	865
461	877
461	930
461	931
461	935
461	944
461	949
461	967
462	48
462	455
462	608
462	704
462	753
462	775
462	916
462	926
462	954
462	970
462	972
462	981
462	984
462	987
463	165
463	603
463	655
463	755
463	838
463	950
463	951
463	960
463	989
463	990
463	994
463	997
463	1000
464	188
464	572
464	606
464	753
464	799
464	899
464	910
464	916
464	934
464	954
464	984
464	987
465	376
465	590
465	601
465	811
465	878
465	887
465	953
465	977
465	985
465	991
465	993
465	999
466	160
466	314
466	394
466	681
466	710
466	866
466	927
466	948
466	979
466	992
466	995
467	16
467	407
467	495
467	719
467	813
467	823
467	860
467	960
467	988
467	989
467	990
467	997
468	215
468	484
468	732
468	754
468	911
468	929
468	933
468	952
468	969
468	976
469	85
469	579
469	603
469	674
469	835
469	928
469	964
469	989
469	990
469	994
469	997
469	1000
470	95
470	171
470	379
470	658
470	678
470	807
470	859
470	884
470	986
471	574
471	824
471	839
471	853
471	862
471	868
471	917
471	947
471	959
472	629
472	687
472	717
472	747
472	784
472	831
472	858
472	875
472	977
472	980
472	993
472	998
472	999
473	60
473	279
473	401
473	663
473	930
473	932
473	949
473	958
473	966
473	968
473	974
474	59
474	119
474	775
474	864
474	888
474	895
474	922
474	954
474	970
474	972
474	981
474	984
474	987
475	32
475	583
475	623
475	807
475	810
475	939
475	945
475	946
475	986
476	76
476	397
476	660
476	778
476	883
476	914
476	917
476	937
476	947
476	959
477	375
477	572
477	760
477	770
477	818
477	888
477	915
477	922
477	970
477	972
477	981
477	984
477	987
478	244
478	485
478	680
478	792
478	832
478	860
478	906
478	928
478	956
478	994
478	997
478	1000
479	360
479	625
479	671
479	797
479	831
479	887
479	957
479	978
479	980
479	993
479	998
479	999
480	212
480	561
480	578
480	731
480	816
480	955
480	975
480	992
480	995
480	996
481	444
481	565
481	674
481	923
481	942
481	962
481	964
481	988
481	989
481	997
481	1000
482	145
482	670
482	838
482	845
482	863
482	941
482	956
482	988
482	989
482	997
482	1000
483	279
483	607
483	663
483	865
483	867
483	877
483	897
483	909
483	944
483	958
483	966
484	328
484	633
484	685
484	737
484	759
484	911
484	919
484	952
484	976
485	449
485	626
485	656
485	670
485	805
485	863
485	938
485	960
485	989
485	994
485	997
485	1000
486	381
486	528
486	615
486	825
486	851
486	890
486	983
487	614
487	692
487	724
487	772
487	790
487	896
487	899
487	916
487	926
487	934
487	954
487	972
487	981
487	984
487	987
488	131
488	178
488	260
488	543
488	726
488	786
488	878
488	903
488	905
488	993
488	998
488	999
489	156
489	609
489	690
489	871
489	908
489	927
489	975
489	979
489	995
489	996
490	271
490	300
490	476
490	574
490	660
490	682
490	778
490	883
490	914
490	947
491	200
491	413
491	730
491	740
491	779
491	801
491	824
491	840
491	868
491	914
492	375
492	775
492	888
492	899
492	915
492	916
492	922
492	934
492	970
492	972
492	981
492	984
492	987
493	56
493	392
493	475
493	573
493	762
493	900
493	939
493	946
493	986
494	379
494	653
494	677
494	705
494	722
494	781
494	859
494	939
494	945
494	946
494	986
495	1
495	154
495	445
495	556
495	620
495	805
495	835
495	988
495	989
495	994
495	1000
496	90
496	686
496	777
496	826
496	881
496	898
496	913
496	943
496	963
496	983
497	584
497	765
497	901
497	903
497	907
497	918
497	971
497	977
497	978
497	985
497	998
498	259
498	520
498	750
498	776
498	904
498	948
498	955
498	975
498	979
498	995
498	996
499	175
499	272
499	453
499	488
499	812
499	836
499	957
499	978
499	980
499	991
499	993
499	998
499	999
500	77
500	160
500	238
500	261
500	498
500	570
500	613
501	3
501	372
501	565
501	756
501	912
501	928
501	942
501	964
501	988
501	997
501	1000
502	30
502	50
502	453
502	465
502	551
502	858
502	875
502	887
502	980
502	991
502	993
502	998
502	999
503	269
503	313
503	670
503	761
503	835
503	923
503	951
503	960
503	988
503	994
503	1000
504	132
504	222
504	306
504	634
504	836
504	903
504	957
504	971
504	977
504	993
504	999
505	385
505	748
505	878
505	901
505	907
505	918
505	978
505	980
505	993
505	998
505	999
506	163
506	298
506	588
506	708
506	798
506	816
506	904
506	979
506	992
506	995
506	996
507	235
507	334
507	401
507	418
507	733
507	867
507	930
507	944
507	949
507	961
507	966
507	968
507	974
507	982
508	151
508	213
508	365
508	576
508	830
508	879
508	975
508	995
509	265
509	282
509	285
509	457
509	498
509	651
509	750
509	927
509	992
509	996
510	553
510	590
510	747
510	791
510	815
510	831
510	875
510	878
510	940
510	965
510	993
510	998
510	999
511	114
511	477
511	493
511	514
511	678
511	809
511	900
512	8
512	233
512	468
512	555
512	617
512	664
512	769
512	894
512	952
512	969
512	976
513	199
513	552
513	636
513	671
513	785
513	836
513	870
513	965
513	978
513	998
513	999
514	68
514	181
514	262
514	532
514	539
514	762
514	945
514	946
514	986
515	340
515	362
515	555
515	695
515	702
515	732
515	869
515	933
515	969
515	976
516	19
516	47
516	416
516	686
516	712
516	825
516	861
516	881
516	898
516	943
516	983
517	140
517	549
517	758
517	816
517	904
517	921
517	948
517	975
517	979
517	992
517	996
518	465
518	548
518	636
518	786
518	812
518	815
518	878
518	940
518	977
518	978
518	980
518	985
518	998
519	449
519	848
519	928
519	938
519	941
519	950
519	956
519	988
519	990
519	994
519	997
519	1000
520	29
520	72
520	77
520	421
520	517
520	567
520	814
520	850
520	886
520	992
520	996
521	107
521	270
521	646
521	730
521	779
521	844
521	847
521	914
521	959
522	35
522	436
522	643
522	757
522	894
522	929
522	952
522	969
522	976
523	806
523	807
523	809
523	859
523	873
523	884
523	939
523	946
523	986
524	198
524	347
524	474
524	760
524	775
524	818
524	888
524	934
524	970
524	972
524	981
524	984
524	987
525	100
525	407
525	478
525	611
525	674
525	774
525	827
525	938
525	941
525	988
525	989
525	994
526	40
526	224
526	508
526	750
526	871
526	925
526	927
526	975
526	995
527	150
527	447
527	594
527	607
527	843
527	865
527	909
527	931
527	932
527	966
527	973
528	123
528	138
528	266
528	661
528	736
528	777
528	889
528	963
528	983
529	102
529	144
529	251
529	445
529	482
529	655
529	838
529	860
529	906
529	989
529	994
529	997
529	1000
530	301
530	508
530	570
530	578
530	586
530	886
530	948
530	975
530	979
530	992
530	996
531	173
531	319
531	369
531	823
531	950
531	951
531	960
531	962
531	988
531	997
531	1000
532	22
532	514
532	764
532	795
532	900
532	939
532	945
532	946
532	986
533	522
533	596
533	720
533	796
533	869
533	894
533	919
533	929
533	933
533	952
534	112
534	622
534	813
534	835
534	845
534	923
534	951
534	960
534	964
534	989
534	994
534	997
534	1000
535	129
535	230
535	349
535	547
535	562
535	861
535	881
535	890
535	898
535	983
536	341
536	404
536	525
536	605
536	665
536	755
536	902
536	912
536	950
536	989
536	997
536	1000
537	33
537	493
537	511
537	514
537	558
537	716
537	880
537	939
537	945
537	986
538	409
538	521
538	574
538	801
538	840
538	853
538	854
538	917
538	937
538	959
539	4
539	89
539	262
539	388
539	523
539	677
539	873
539	939
539	945
539	986
540	693
540	696
540	851
540	861
540	893
540	898
540	963
540	983
541	502
541	766
541	875
541	887
541	907
541	965
541	971
541	978
541	980
541	993
541	998
541	999
542	359
542	552
542	726
542	903
542	953
542	965
542	978
542	991
542	993
542	998
542	999
543	713
543	727
543	766
543	785
543	887
543	901
543	905
543	953
543	977
543	993
543	999
544	288
544	306
544	510
544	744
544	887
544	953
544	971
544	980
544	985
544	991
544	993
544	998
545	297
545	786
545	787
545	903
545	905
545	957
545	977
545	978
545	980
545	998
545	999
546	290
546	363
546	442
546	530
546	776
546	866
546	979
546	995
546	996
547	602
547	615
547	693
547	849
547	861
547	889
547	898
547	943
547	963
547	983
548	292
548	386
548	393
548	748
548	780
548	785
548	901
548	905
548	978
548	991
548	998
548	999
549	265
549	293
549	364
549	370
549	679
549	871
549	995
549	996
550	17
550	103
550	476
550	839
550	840
550	844
550	862
550	914
550	937
550	947
551	317
551	667
551	751
551	785
551	788
551	892
551	905
551	940
551	980
551	993
551	998
551	999
552	44
552	117
552	406
552	629
552	630
552	667
552	787
552	965
552	978
552	991
552	998
552	999
553	81
553	542
553	628
553	785
553	875
553	887
553	901
553	903
553	978
553	980
553	998
553	999
554	352
554	512
554	664
554	742
554	846
554	911
554	919
554	933
554	969
554	976
555	554
555	757
555	769
555	822
555	846
555	894
555	929
555	933
555	969
555	976
556	358
556	469
556	641
556	656
556	729
556	734
556	745
556	942
556	956
556	988
556	994
557	74
557	143
557	308
557	510
557	541
557	604
557	743
557	797
557	940
557	965
557	985
557	993
557	998
557	999
558	89
558	315
558	699
558	762
558	891
558	900
558	945
558	986
559	592
559	793
559	849
559	851
559	881
559	898
559	913
559	983
560	505
560	600
560	780
560	786
560	855
560	905
560	977
560	978
560	991
560	998
560	999
561	249
561	400
561	466
561	508
561	598
561	675
561	708
561	885
561	925
561	979
561	996
562	71
562	138
562	395
562	615
562	706
562	736
562	861
562	943
562	963
562	983
563	366
563	557
563	659
563	787
563	905
563	965
563	977
563	978
563	993
563	998
563	999
564	204
564	344
564	461
564	924
564	930
564	931
564	935
564	944
564	949
564	961
564	967
564	974
564	982
565	307
565	481
565	837
565	882
565	906
565	942
565	962
565	964
565	989
565	990
565	1000
566	669
566	772
566	804
566	817
566	818
566	896
566	915
566	922
566	954
566	970
566	981
566	984
566	987
567	122
567	400
567	412
567	549
567	599
567	679
567	768
567	874
567	927
567	995
568	502
568	671
568	713
568	744
568	751
568	953
568	957
568	977
568	991
568	993
568	998
569	674
569	729
569	823
569	835
569	906
569	920
569	960
569	962
569	988
569	994
569	997
570	331
570	593
570	638
570	651
570	735
570	808
570	955
570	992
570	995
570	996
571	368
571	473
571	738
571	867
571	924
571	930
571	932
571	958
571	961
571	967
571	968
571	973
571	974
571	982
572	59
572	231
572	347
572	818
572	857
572	915
572	916
572	922
572	970
572	972
572	987
573	171
573	390
573	688
573	762
573	764
573	810
573	880
573	900
573	939
573	986
574	413
574	550
574	824
574	883
574	914
574	917
574	937
574	947
574	959
575	116
575	694
575	750
575	814
575	866
575	921
575	992
575	995
575	996
576	335
576	645
576	679
576	721
576	814
576	850
576	886
576	921
576	955
576	995
576	996
577	8
577	436
577	737
577	757
577	856
577	919
577	929
577	952
577	976
578	29
578	346
578	613
578	673
578	697
578	735
578	808
578	886
578	904
578	992
578	996
579	154
579	396
579	429
579	456
579	832
579	928
579	950
579	960
579	989
579	990
579	994
579	1000
580	131
580	241
580	297
580	726
580	744
580	842
580	870
580	953
580	957
580	991
580	993
580	998
580	999
581	276
581	630
581	659
581	751
581	797
581	875
581	878
581	957
581	980
581	985
581	993
581	998
581	999
582	646
582	840
582	852
582	853
582	883
582	914
582	917
582	937
582	959
583	141
583	211
583	493
583	573
583	658
583	795
583	945
583	946
583	986
584	376
584	505
584	510
584	513
584	855
584	875
584	903
584	985
584	991
584	993
584	999
585	284
585	621
585	733
585	783
585	833
585	897
585	944
585	949
585	961
585	966
585	967
585	968
585	973
585	974
585	982
586	87
586	245
586	332
586	399
586	500
586	576
586	715
586	808
586	996
587	299
587	302
587	596
587	662
587	732
587	769
587	911
587	919
587	929
587	952
587	969
588	219
588	412
588	448
588	794
588	808
588	908
588	948
588	992
588	995
588	996
589	78
589	309
589	550
589	701
589	703
589	800
589	917
589	937
589	959
590	7
590	297
590	580
590	727
590	747
590	785
590	829
590	953
590	957
590	965
590	985
590	991
590	999
591	494
591	537
591	653
591	678
591	849
591	859
591	873
592	528
592	793
592	826
592	849
592	861
592	881
592	890
592	943
592	983
593	343
593	506
593	631
593	718
593	808
593	814
593	874
593	992
593	995
593	996
594	202
594	585
594	612
594	663
594	819
594	924
594	931
594	932
594	949
594	966
594	973
594	974
594	982
595	224
595	293
595	530
595	575
595	808
595	927
595	948
595	979
595	995
596	225
596	554
596	652
596	769
596	822
596	846
596	856
596	933
596	969
596	976
597	396
597	605
597	620
597	640
597	665
597	725
597	912
597	990
597	997
597	1000
598	176
598	520
598	776
598	798
598	925
598	955
598	975
598	992
598	995
599	41
599	448
599	526
599	530
599	808
599	866
599	955
599	992
599	995
599	996
600	216
600	548
600	671
600	940
600	957
600	980
600	985
600	991
600	993
600	999
601	551
601	563
601	691
601	784
601	855
601	858
601	905
601	953
601	985
601	993
601	999
602	67
602	618
602	661
602	666
602	706
602	890
602	893
602	943
602	983
603	207
603	469
603	657
603	723
603	902
603	906
603	951
603	962
603	989
603	997
603	1000
604	166
604	373
604	499
604	544
604	667
604	728
604	791
604	887
604	993
604	998
604	999
605	244
605	670
605	700
605	845
605	923
605	956
605	960
605	988
605	989
605	990
606	455
606	775
606	857
606	864
606	895
606	896
606	910
606	926
606	954
606	970
606	972
606	981
606	984
606	987
607	150
607	924
607	931
607	932
607	958
607	961
607	967
607	968
607	973
607	974
608	23
608	669
608	753
608	864
608	888
608	895
608	915
608	922
608	954
608	970
608	972
608	984
608	987
609	36
609	249
609	576
609	715
609	768
609	808
609	927
609	975
609	992
609	996
610	321
610	728
610	765
610	784
610	788
610	842
610	858
610	875
610	887
610	953
610	999
611	184
611	624
611	665
611	838
611	882
611	906
611	989
611	990
611	997
611	1000
612	783
612	867
612	897
612	924
612	935
612	958
612	961
612	967
612	973
612	974
613	567
613	576
613	595
613	752
613	921
613	936
613	975
613	992
613	995
613	996
614	312
614	492
614	572
614	724
614	753
614	772
614	790
614	864
614	910
614	926
614	934
614	954
614	972
614	984
614	987
615	47
615	440
615	777
615	825
615	851
615	861
615	898
615	943
615	983
616	194
616	653
616	699
616	859
616	884
616	900
617	336
617	767
617	769
617	796
617	911
617	919
617	929
617	952
617	969
617	976
618	333
618	540
618	661
618	890
618	913
618	943
618	963
618	983
619	110
619	114
619	121
619	425
619	558
619	795
619	810
619	939
619	986
620	152
620	244
620	648
620	725
620	860
620	902
620	950
620	988
620	990
620	1000
621	128
621	447
621	819
621	867
621	872
621	877
621	958
621	961
621	966
621	968
621	973
621	982
622	185
622	655
622	670
622	848
622	906
622	960
622	989
622	990
622	994
622	1000
623	425
623	795
623	803
623	884
623	891
623	946
623	986
624	191
624	723
624	838
624	950
624	956
624	960
624	989
624	994
624	997
624	1000
625	222
625	452
625	727
625	836
625	841
625	965
625	971
625	985
625	991
625	998
626	86
626	251
626	456
626	639
626	832
626	902
626	920
626	938
626	956
626	997
627	338
627	835
627	845
627	906
627	962
627	964
627	988
627	989
627	990
627	997
627	1000
628	580
628	629
628	671
628	744
628	789
628	875
628	878
628	892
628	991
628	993
628	999
629	9
629	69
629	74
629	497
629	544
629	875
629	876
629	892
629	953
629	991
629	998
630	74
630	149
630	161
630	217
630	812
630	842
630	953
630	965
630	991
630	999
631	31
631	361
631	735
631	814
631	874
631	955
631	975
631	992
631	995
632	36
632	116
632	298
632	570
632	631
632	690
632	820
632	921
632	948
632	975
633	352
633	512
633	515
633	685
633	732
633	767
633	846
633	911
633	929
633	976
634	406
634	504
634	629
634	747
634	953
634	957
634	971
634	978
634	985
634	993
634	998
635	40
635	169
635	285
635	679
635	871
635	879
635	948
635	995
636	260
636	329
636	415
636	797
636	842
636	918
636	953
636	985
636	991
636	999
637	136
637	234
637	277
637	527
637	872
637	877
637	930
637	935
637	949
637	961
637	966
637	968
637	973
638	351
638	363
638	500
638	675
638	681
638	794
638	850
638	927
638	995
638	996
639	94
639	556
639	835
639	906
639	960
639	962
639	988
639	990
639	997
639	1000
640	482
640	639
640	860
640	863
640	902
640	950
640	960
640	989
640	990
640	1000
641	3
641	91
641	639
641	656
641	719
641	848
641	860
641	938
641	989
641	1000
642	538
642	703
642	778
642	800
642	844
642	854
642	937
642	947
643	113
643	596
643	685
643	742
643	749
643	856
643	869
643	952
643	969
643	976
644	198
644	419
644	606
644	799
644	818
644	821
644	899
644	922
644	934
644	954
644	981
644	987
645	261
645	275
645	595
645	679
645	694
645	697
645	731
645	925
645	995
645	996
646	471
646	550
646	852
646	853
646	862
646	917
647	187
647	252
647	558
647	583
647	884
647	900
647	939
648	626
648	627
648	813
648	906
648	920
648	942
648	962
648	989
648	990
648	994
648	997
649	10
649	668
649	732
649	759
649	856
649	969
649	976
650	96
650	353
650	408
650	469
650	882
650	902
650	950
650	989
650	994
650	1000
651	140
651	370
651	442
651	613
651	689
651	925
651	979
651	992
651	995
652	336
652	633
652	662
652	664
652	668
652	769
652	771
652	828
652	969
652	976
653	573
653	684
653	716
653	806
653	809
653	900
653	945
653	986
654	54
654	491
654	646
654	824
654	847
654	868
654	914
655	96
655	115
655	191
655	318
655	369
655	640
655	739
655	848
655	902
655	994
655	997
656	192
656	503
656	531
656	603
656	848
656	882
656	960
656	989
656	990
656	997
657	341
657	597
657	648
657	792
657	923
657	928
657	960
657	989
657	990
657	994
658	304
658	532
658	619
658	722
658	810
658	939
658	945
658	946
658	986
659	812
659	842
659	858
659	876
659	953
659	957
659	978
659	985
659	991
659	999
660	228
660	654
660	801
660	802
660	852
660	853
660	937
660	947
660	959
661	129
661	172
661	547
661	696
661	711
661	851
661	889
661	943
661	963
661	983
662	130
662	484
662	617
662	714
662	759
662	911
662	929
662	952
662	969
662	976
663	564
663	612
663	843
663	877
663	932
663	949
663	958
663	961
663	966
663	968
663	974
663	982
664	70
664	299
664	633
664	757
664	828
664	869
664	911
664	919
664	929
664	976
665	173
665	214
665	481
665	676
665	680
665	813
665	832
665	956
665	988
665	989
665	1000
666	80
666	793
666	889
666	893
666	898
666	943
666	963
666	983
667	81
667	147
667	713
667	726
667	728
667	789
667	858
667	991
667	998
667	999
668	225
668	714
668	742
668	782
668	828
668	911
668	919
668	929
668	933
669	435
669	572
669	692
669	775
669	821
669	864
669	896
669	926
669	934
669	972
669	981
669	984
669	987
670	91
670	565
670	656
670	792
670	805
670	834
670	951
670	956
670	960
670	994
670	1000
671	590
671	636
671	784
671	812
671	907
671	953
671	965
671	991
671	993
671	998
671	999
672	189
672	414
672	478
672	725
672	729
672	845
672	951
672	988
672	990
672	994
672	997
673	182
673	450
673	489
673	575
673	885
673	948
673	955
673	979
673	996
674	92
674	407
674	556
674	657
674	665
674	698
674	835
674	902
674	912
674	962
674	997
674	1000
675	290
675	443
675	681
675	735
675	866
675	885
675	927
675	955
675	996
676	98
676	201
676	207
676	356
676	525
676	719
676	739
676	745
676	920
676	956
676	990
677	14
677	141
677	423
677	573
677	764
677	803
677	900
677	986
678	14
678	304
678	493
678	523
678	773
678	891
678	986
679	45
679	351
679	776
679	794
679	879
679	979
679	992
680	195
680	556
680	611
680	860
680	863
680	902
680	990
680	994
680	997
680	1000
681	442
681	632
681	689
681	798
681	948
681	955
681	992
681	996
682	88
682	239
682	701
682	801
682	852
682	853
682	947
683	137
683	171
683	237
683	523
683	810
683	891
683	945
683	986
684	186
684	390
684	410
684	647
684	699
684	806
684	880
684	900
684	939
684	946
685	330
685	362
685	577
685	822
685	869
685	929
685	969
685	976
686	104
686	416
686	459
686	540
686	562
686	602
686	712
686	881
686	963
687	143
687	241
687	322
687	870
687	876
687	905
687	957
687	978
687	991
687	993
687	998
687	999
688	236
688	388
688	511
688	532
688	616
688	891
688	900
688	986
689	331
689	332
689	549
689	595
689	598
689	768
689	927
689	979
689	992
689	996
690	332
690	509
690	613
690	645
690	718
690	721
690	866
690	921
690	995
691	248
691	288
691	580
691	687
691	907
691	965
691	978
691	985
691	993
691	999
692	55
692	58
692	208
692	487
692	888
692	899
692	934
692	970
692	972
692	981
692	984
692	987
693	118
693	333
693	402
693	777
693	851
693	913
693	943
693	963
693	983
694	489
694	697
694	708
694	798
694	921
694	936
694	955
694	995
694	996
695	302
695	587
695	662
695	742
695	771
695	796
695	869
695	933
696	104
696	266
696	395
696	615
696	881
696	889
696	898
696	943
696	963
696	983
697	160
697	259
697	480
697	506
697	752
697	885
697	908
697	992
697	996
698	53
698	145
698	319
698	456
698	481
698	650
698	827
698	950
698	951
698	994
698	1000
699	494
699	653
699	658
699	803
699	859
699	946
699	986
700	191
700	192
700	318
700	456
700	837
700	902
700	912
700	941
700	960
700	989
700	997
700	1000
701	158
701	521
701	654
701	730
701	844
701	854
701	914
701	937
701	947
702	299
702	522
702	649
702	668
702	828
702	952
703	300
703	409
703	778
703	801
703	802
703	840
703	847
703	862
703	947
703	959
704	371
704	435
704	462
704	566
704	572
704	753
704	760
704	888
704	970
704	972
704	981
704	984
704	987
705	4
705	186
705	392
705	470
705	494
705	647
705	806
705	939
705	946
705	986
706	64
706	124
706	172
706	268
706	402
706	851
706	893
706	898
706	913
706	983
707	97
707	630
707	831
707	918
707	953
707	965
707	978
707	985
707	998
707	999
708	261
708	365
708	400
708	500
708	509
708	575
708	598
708	675
708	948
708	992
709	447
709	473
709	507
709	877
709	930
709	931
709	949
709	966
709	967
709	968
709	974
710	45
710	314
710	343
710	517
710	752
710	830
710	908
710	927
710	995
710	996
711	71
711	124
711	333
711	349
711	446
711	913
711	943
711	983
712	125
712	197
712	349
712	446
712	696
712	777
712	826
712	889
712	983
713	217
713	629
713	691
713	780
713	892
713	940
713	985
713	991
713	993
713	999
714	34
714	305
714	355
714	617
714	757
714	796
714	869
714	894
714	952
714	969
715	169
715	411
715	421
715	673
715	690
715	955
715	975
715	995
716	583
716	683
716	699
716	781
716	803
716	810
716	986
717	117
717	428
717	518
717	763
717	892
717	940
717	953
717	978
717	985
717	991
718	205
718	249
718	798
718	874
718	925
718	927
718	948
718	992
718	995
718	996
719	53
719	135
719	451
719	569
719	756
719	837
719	950
719	951
719	990
719	1000
720	70
720	283
720	533
720	577
720	737
720	828
720	919
720	929
720	976
721	466
721	794
721	871
721	879
721	885
721	955
721	992
722	33
722	514
722	762
722	764
722	859
722	880
722	891
722	946
723	356
723	458
723	482
723	519
723	569
723	860
723	920
723	956
723	988
723	989
723	1000
724	424
724	644
724	817
724	818
724	895
724	896
724	899
724	934
724	954
724	981
724	984
724	987
725	65
725	185
725	210
725	294
725	641
725	761
725	938
725	941
725	962
725	988
725	994
726	360
726	499
726	727
726	743
726	788
726	870
726	977
726	985
726	991
726	998
726	999
727	143
727	193
727	385
727	472
727	784
727	858
727	953
727	980
727	993
727	998
727	999
728	329
728	386
728	502
728	797
728	836
728	841
728	875
728	977
728	985
728	998
728	999
729	112
729	214
729	258
729	313
729	501
729	655
729	657
729	670
729	990
729	997
729	1000
730	397
730	441
730	802
730	840
730	847
730	852
730	883
730	917
730	947
730	959
731	45
731	72
731	176
731	275
731	335
731	758
731	776
731	879
731	955
732	323
732	336
732	643
732	714
732	742
732	769
732	869
732	976
733	377
733	447
733	507
733	709
733	877
733	897
733	930
733	961
733	967
733	968
734	100
734	536
734	620
734	672
734	676
734	755
734	938
734	951
734	989
734	997
734	1000
735	561
735	588
735	758
735	798
735	850
735	921
735	927
735	992
735	995
735	996
736	125
736	535
736	686
736	693
736	696
736	712
736	881
736	889
736	963
737	522
737	554
737	617
737	662
737	767
737	869
737	894
737	933
737	952
737	969
738	263
738	339
738	865
738	872
738	930
738	932
738	935
738	944
738	958
738	961
738	968
738	973
738	974
738	982
739	501
739	648
739	674
739	845
739	860
739	882
739	920
739	938
739	988
739	1000
740	538
740	682
740	800
740	839
740	840
740	844
740	852
740	917
740	959
741	13
741	476
741	490
741	582
741	730
741	862
741	883
741	917
741	947
741	959
742	328
742	652
742	714
742	796
742	869
742	894
742	919
742	929
743	308
743	707
743	829
743	957
743	965
743	977
743	980
743	985
743	998
743	999
744	147
744	292
744	428
744	766
744	841
744	876
744	878
744	901
744	907
744	978
744	991
744	998
745	96
745	153
745	324
745	449
745	467
745	672
745	834
745	882
745	923
745	941
745	994
746	235
746	263
746	344
746	431
746	663
746	877
746	930
746	931
746	958
746	974
746	982
747	161
747	247
747	291
747	667
747	841
747	953
747	957
747	977
747	985
747	998
747	999
748	61
748	97
748	288
748	625
748	743
748	789
748	829
748	940
748	957
748	965
748	977
748	978
748	991
749	109
749	336
749	685
749	702
749	757
749	769
749	894
749	929
749	969
749	976
750	72
750	450
750	697
750	718
750	874
750	927
750	948
750	975
750	992
751	389
751	415
751	671
751	842
751	876
751	965
751	985
751	991
751	993
751	998
751	999
752	93
752	243
752	281
752	567
752	718
752	758
752	808
752	886
752	921
752	955
753	382
753	455
753	464
753	524
753	775
753	899
753	910
753	926
753	934
753	954
753	970
753	972
753	984
753	987
754	484
754	533
754	662
754	757
754	767
754	828
754	894
754	929
754	933
754	952
755	94
755	154
755	439
755	458
755	672
755	676
755	680
755	860
755	882
755	956
755	994
756	98
756	165
756	189
756	221
756	420
756	725
756	912
756	942
756	951
756	994
756	997
757	109
757	233
757	352
757	422
757	754
757	822
757	828
757	911
757	952
757	969
758	140
758	177
758	480
758	561
758	586
758	690
758	715
758	948
758	995
758	996
759	109
759	323
759	340
759	468
759	771
759	796
759	919
759	952
759	976
760	311
760	371
760	692
760	857
760	922
760	954
760	970
760	972
760	981
760	984
760	987
761	184
761	429
761	565
761	620
761	848
761	920
761	923
761	951
761	960
761	962
761	990
761	1000
762	226
762	262
762	315
762	705
762	722
762	809
762	859
762	880
762	986
763	79
763	505
763	551
763	628
763	751
763	812
763	855
763	870
763	905
763	940
763	991
763	993
763	998
763	999
764	494
764	716
764	859
764	884
764	945
764	946
764	986
765	472
765	590
765	687
765	691
765	876
765	957
765	977
765	978
765	980
765	985
765	993
765	999
766	7
766	223
766	276
766	787
766	811
766	957
766	980
766	991
766	998
766	999
767	215
767	617
767	749
767	796
767	869
767	894
767	933
767	969
768	151
768	169
768	570
768	675
768	808
768	871
768	936
768	955
769	113
769	203
769	328
769	352
769	749
769	822
769	856
769	929
769	976
770	312
770	608
770	692
770	760
770	857
770	864
770	895
770	915
770	916
770	934
770	987
771	70
771	330
771	422
771	554
771	664
771	737
771	749
771	822
771	911
771	976
772	59
772	345
772	644
772	817
772	864
772	899
772	934
772	954
772	970
772	972
772	981
772	987
773	539
773	716
773	722
773	803
773	884
773	900
773	946
774	294
774	456
774	467
774	672
774	700
774	845
774	882
774	923
774	956
774	990
774	1000
775	231
775	347
775	644
775	760
775	772
775	790
775	915
775	922
775	970
775	972
775	981
775	984
775	987
776	255
776	320
776	365
776	850
776	871
776	992
776	995
776	996
777	118
777	230
777	562
777	592
777	615
777	693
777	825
777	983
778	120
778	397
778	740
778	847
778	853
778	868
778	914
778	959
779	146
779	574
779	582
779	701
779	778
779	800
779	802
779	847
779	853
779	959
780	247
780	472
780	687
780	717
780	751
780	789
780	870
780	892
780	918
780	957
781	32
781	226
781	619
781	677
781	684
781	764
781	809
781	946
781	986
782	2
782	34
782	555
782	577
782	587
782	685
782	737
782	969
782	976
783	833
783	897
783	931
783	932
783	944
783	958
783	966
783	967
783	968
783	973
784	49
784	106
784	133
784	766
784	815
784	940
784	965
784	971
784	978
784	991
784	999
785	142
785	272
785	548
785	717
785	744
785	748
785	953
785	978
785	991
785	998
785	999
786	227
786	322
786	360
786	415
786	437
786	542
786	841
786	876
786	965
786	993
786	999
787	166
787	393
787	406
787	713
787	717
787	842
787	855
787	870
787	965
787	985
787	993
788	18
788	308
788	360
788	387
788	831
788	841
788	876
788	903
788	965
788	991
788	998
789	82
789	280
789	316
789	415
789	628
789	727
789	765
789	957
789	991
789	993
789	999
790	84
790	256
790	692
790	896
790	910
790	915
790	916
790	926
790	934
790	954
790	970
790	972
790	981
790	984
790	987
791	106
791	111
791	329
791	636
791	671
791	787
791	815
791	907
791	978
791	991
791	998
791	999
792	1
792	16
792	201
792	404
792	458
792	481
792	603
792	734
792	960
792	989
792	994
792	997
792	1000
793	230
793	427
793	486
793	559
793	851
793	943
793	963
793	983
794	163
794	399
794	645
794	675
794	689
794	816
794	866
794	908
794	995
795	22
795	236
795	523
795	762
795	803
795	807
795	986
796	105
796	378
796	468
796	515
796	577
796	720
796	933
796	976
797	49
797	544
797	610
797	788
797	855
797	901
797	903
797	965
797	985
797	991
797	999
798	289
798	500
798	673
798	731
798	735
798	866
798	921
798	955
798	975
799	345
799	704
799	857
799	888
799	896
799	916
799	972
799	981
799	984
799	987
800	146
800	300
800	741
800	779
800	839
800	852
800	854
800	883
801	78
801	642
801	654
801	701
801	740
801	779
801	802
801	853
801	947
801	959
802	37
802	582
802	730
802	844
802	847
802	868
802	914
802	937
802	959
803	39
803	379
803	423
803	514
803	683
803	809
803	859
803	900
804	84
804	157
804	188
804	198
804	208
804	345
804	606
804	669
804	770
804	915
804	972
804	981
804	984
804	987
805	144
805	326
805	358
805	902
805	923
805	928
805	989
805	990
805	994
805	997
805	1000
806	21
806	39
806	56
806	95
806	809
806	873
806	880
806	891
807	39
807	108
807	181
807	688
807	722
807	762
807	884
807	900
807	945
807	986
808	593
808	768
808	866
808	885
808	955
808	979
808	992
808	995
808	996
809	716
809	764
809	803
809	891
809	967
809	986
810	14
810	108
810	137
810	475
810	684
810	781
810	880
810	884
810	939
810	986
811	99
811	581
811	634
811	707
811	726
811	788
811	876
811	957
811	977
811	993
811	998
811	999
812	465
812	499
812	541
812	584
812	634
812	713
812	726
812	780
812	788
812	829
812	892
812	918
813	310
813	485
813	672
813	680
813	837
813	863
813	920
813	962
813	988
813	989
813	997
813	1000
814	218
814	282
814	631
814	689
814	866
814	871
814	955
814	975
814	996
815	175
815	322
815	437
815	553
815	581
815	707
815	957
815	965
815	977
815	998
816	83
816	289
816	370
816	394
816	546
816	651
816	866
816	948
816	995
817	311
817	487
817	724
817	857
817	895
817	896
817	916
817	954
817	972
817	984
817	987
818	55
818	424
818	566
818	644
818	669
818	896
818	899
818	934
818	954
818	981
818	984
818	987
819	374
819	401
819	564
819	571
819	867
819	909
819	924
819	944
819	949
819	961
819	973
819	982
820	41
820	450
820	752
820	758
820	814
820	927
820	979
820	992
820	995
820	996
821	180
821	462
821	524
821	799
821	864
821	915
821	970
821	972
821	981
821	984
821	987
822	714
822	749
822	796
822	828
822	919
822	933
822	969
822	976
823	16
823	192
823	501
823	626
823	845
823	906
823	941
823	960
823	989
823	990
824	17
824	441
824	589
824	654
824	779
824	839
825	123
825	693
825	706
825	736
825	777
825	861
825	913
825	983
826	384
826	427
826	440
826	618
826	712
826	889
826	890
826	983
827	358
827	408
827	438
827	439
827	495
827	906
827	950
827	989
827	990
827	997
828	215
828	305
828	378
828	754
828	757
828	767
828	782
828	911
828	933
828	952
829	551
829	580
829	584
829	789
829	855
829	870
829	918
829	957
829	991
829	993
830	87
830	275
830	354
830	364
830	520
830	955
830	975
830	995
830	996
831	9
831	183
831	505
831	563
831	727
831	748
831	918
831	977
831	985
831	991
831	998
832	189
832	251
832	338
832	367
832	372
832	676
832	845
832	860
832	902
832	994
832	1000
833	27
833	127
833	377
833	527
833	663
833	819
833	843
833	865
833	909
833	924
833	944
833	949
833	974
833	982
834	15
834	86
834	184
834	597
834	603
834	626
834	941
834	962
834	964
834	988
834	989
834	997
835	294
835	534
835	639
835	676
835	805
835	845
835	906
835	950
835	960
835	1000
836	193
836	518
836	557
836	713
836	892
836	977
836	978
836	980
836	985
836	993
836	998
836	999
837	358
837	478
837	485
837	622
837	650
837	838
837	882
837	956
837	964
837	994
837	1000
838	294
838	319
838	404
838	529
838	536
838	882
838	951
838	956
838	990
838	994
838	1000
839	17
839	491
839	550
839	654
839	801
839	824
839	868
839	937
839	947
839	959
840	13
840	103
840	471
840	703
840	779
840	802
840	847
840	852
840	917
841	393
841	510
841	581
841	784
841	797
841	836
841	855
841	965
841	985
841	998
841	999
842	61
842	142
842	317
842	545
842	659
842	691
842	765
842	780
842	811
842	940
842	980
842	985
842	993
842	999
843	26
843	663
843	897
843	924
843	931
843	935
843	944
843	961
843	967
843	968
843	973
843	974
843	982
844	37
844	88
844	168
844	471
844	703
844	839
844	862
844	883
845	38
845	86
845	327
845	417
845	725
845	745
845	928
845	960
845	990
845	997
846	66
846	323
846	362
846	643
846	828
846	869
846	894
846	919
846	952
846	969
847	54
847	200
847	409
847	741
847	844
847	862
847	937
847	959
848	20
848	53
848	135
848	153
848	408
848	611
848	620
848	906
848	990
848	1000
849	125
849	486
849	618
849	711
849	825
849	893
849	898
849	943
849	963
849	983
850	394
850	526
850	598
850	874
850	908
850	948
851	19
851	459
851	706
851	826
851	889
851	913
851	943
851	963
851	983
852	88
852	521
852	589
852	654
852	682
852	778
852	800
852	853
852	862
852	947
853	296
853	405
853	521
853	582
853	847
853	883
853	917
853	937
853	947
854	107
854	538
854	730
854	801
854	802
854	883
854	914
854	959
855	199
855	387
855	667
855	671
855	766
855	797
855	842
855	876
855	977
855	978
855	991
855	999
856	233
856	303
856	355
856	596
856	633
856	685
856	732
856	737
856	742
857	23
857	492
857	608
857	614
857	669
857	818
857	896
857	910
857	915
857	926
857	954
857	970
857	984
857	987
858	178
858	359
858	434
858	786
858	842
858	907
858	940
858	953
858	985
858	991
859	357
859	573
859	591
859	647
859	677
859	773
859	809
859	880
859	939
859	945
860	15
860	62
860	153
860	755
860	835
860	902
860	912
860	964
860	989
860	990
861	333
861	402
861	459
861	486
861	516
861	540
861	983
862	120
862	200
862	228
862	491
862	824
862	844
862	847
862	853
862	917
862	937
863	417
863	531
863	725
863	882
863	950
863	964
863	988
863	990
863	997
863	1000
864	46
864	337
864	371
864	704
864	799
864	804
864	910
864	926
864	954
864	970
864	981
864	984
864	987
865	11
865	234
865	264
865	819
865	833
865	877
865	897
865	932
865	958
865	961
865	966
865	968
866	314
866	631
866	689
866	752
866	955
866	975
866	979
866	995
866	996
867	150
867	246
867	342
867	833
867	877
867	897
867	931
867	944
867	949
867	958
867	973
867	982
868	76
868	168
868	296
868	409
868	413
868	847
868	854
868	914
868	947
869	555
869	649
869	749
869	757
869	767
869	771
869	822
869	846
869	952
869	969
870	133
870	385
870	629
870	667
870	841
870	875
870	892
870	918
870	965
870	971
870	978
870	993
870	999
871	122
871	240
871	549
871	735
871	908
871	975
871	995
871	996
872	234
872	279
872	460
872	612
872	867
872	932
872	949
872	958
872	966
872	967
872	968
872	982
873	720
873	807
873	884
873	904
873	939
873	945
874	182
874	240
874	498
874	752
874	921
874	996
875	142
875	291
875	557
875	560
875	625
875	811
875	829
875	855
875	985
875	991
875	999
876	223
876	386
876	437
876	551
876	580
876	600
876	610
876	940
876	953
876	991
877	179
877	348
877	621
877	819
877	872
877	897
877	924
877	932
877	958
877	968
877	973
877	974
877	982
878	166
878	241
878	248
878	504
878	544
878	870
878	901
878	985
878	991
878	999
879	289
879	398
879	546
879	750
879	921
879	955
879	975
879	996
880	410
880	423
880	623
880	705
880	986
880	996
881	80
881	661
881	712
881	736
881	793
881	889
881	890
881	983
882	25
882	28
882	221
882	278
882	307
882	676
882	838
882	848
882	989
882	994
883	158
883	267
883	471
883	646
883	740
883	741
883	937
883	947
883	959
884	619
884	684
884	803
884	859
884	873
884	986
885	87
885	229
885	466
885	593
885	904
885	925
885	975
886	155
886	265
886	546
886	689
886	758
886	814
886	830
886	921
886	925
886	975
887	199
887	497
887	634
887	743
887	744
887	788
887	903
887	953
887	985
887	993
887	998
888	119
888	157
888	804
888	817
888	864
888	899
888	926
888	934
888	972
888	981
888	984
888	987
889	170
889	693
889	793
889	881
889	890
889	943
889	983
890	71
890	381
890	416
890	516
890	559
890	686
890	826
890	881
891	388
891	470
891	511
891	591
891	762
891	806
891	859
891	986
892	276
892	552
892	560
892	691
892	841
892	870
892	907
892	957
892	991
892	999
893	118
893	123
893	384
893	528
893	825
893	849
893	861
893	898
893	913
893	983
894	303
894	596
894	643
894	714
894	769
894	828
894	856
894	911
894	933
895	157
895	391
895	464
895	487
895	492
895	614
895	804
895	857
895	954
895	981
895	984
895	987
896	524
896	724
896	772
896	818
896	888
896	926
896	934
896	954
896	972
896	981
896	984
896	987
897	179
897	344
897	571
897	621
897	833
897	872
897	930
897	944
897	949
897	966
897	967
897	968
897	973
897	974
897	982
898	446
898	496
898	615
898	686
898	712
898	736
898	793
898	943
898	983
899	220
899	312
899	432
899	487
899	724
899	857
899	895
899	926
899	970
899	981
899	987
900	51
900	390
900	475
900	781
900	859
900	884
900	945
901	82
901	149
901	174
901	518
901	544
901	780
901	787
901	892
901	907
901	940
901	977
901	993
902	185
902	445
902	648
902	672
902	813
902	923
902	951
902	960
902	997
902	1000
903	44
903	81
903	217
903	366
903	590
903	691
903	811
903	965
903	978
903	991
903	999
904	43
904	57
904	219
904	520
904	718
904	955
904	975
904	995
904	996
905	131
905	316
905	630
905	841
905	870
905	876
905	957
905	980
905	998
905	999
906	3
906	112
906	232
906	444
906	627
906	657
906	774
906	860
906	928
906	960
907	322
907	557
907	601
907	727
907	784
907	829
907	957
907	985
907	991
907	999
908	205
908	240
908	561
908	595
908	613
908	651
908	776
908	866
908	996
909	348
909	783
909	930
909	931
909	932
909	935
909	944
909	949
909	958
909	961
909	966
909	967
909	973
910	46
910	753
910	770
910	772
910	864
910	888
910	896
910	915
910	922
910	970
910	972
910	984
910	987
911	422
911	714
911	754
911	759
911	767
911	894
911	929
912	209
912	657
912	761
912	834
912	838
912	942
912	950
912	956
912	962
912	994
913	67
913	496
913	547
913	686
913	706
913	825
913	890
913	893
913	963
913	983
914	13
914	54
914	267
914	270
914	397
914	701
914	703
914	868
914	937
915	48
915	250
915	382
915	474
915	614
915	770
915	804
915	896
915	970
915	981
915	984
915	987
916	669
916	799
916	821
916	896
916	899
916	922
916	926
916	934
916	984
916	987
917	267
917	405
917	730
917	740
917	741
917	800
917	840
917	844
917	914
918	545
918	636
918	831
918	875
918	940
918	953
918	971
918	980
918	985
918	991
918	993
918	998
918	999
919	515
919	617
919	633
919	649
919	695
919	759
919	846
919	929
919	969
919	976
920	430
920	565
920	579
920	639
920	665
920	756
920	860
920	942
920	950
920	956
920	964
921	164
921	320
921	457
921	575
921	690
921	866
921	871
921	885
921	955
922	382
922	804
922	817
922	888
922	896
922	899
922	934
922	954
922	970
922	981
922	984
922	987
923	353
923	641
923	680
923	719
923	902
923	912
923	928
923	950
923	960
923	1000
924	27
924	264
924	431
924	738
924	746
924	783
924	909
924	958
924	961
924	967
924	968
924	982
925	218
925	243
925	293
925	320
925	448
925	576
925	689
925	752
925	996
926	55
926	250
926	403
926	566
926	614
926	817
926	821
926	899
926	970
926	981
926	984
926	987
927	31
927	259
927	335
927	489
927	595
927	599
927	731
927	768
927	955
927	996
928	327
928	430
928	624
928	674
928	739
928	882
928	920
928	951
928	960
928	990
928	994
929	652
929	685
929	720
929	754
929	869
929	919
929	933
929	969
929	976
930	342
930	460
930	607
930	865
930	931
930	958
930	961
930	966
930	968
930	973
930	974
930	982
931	128
931	190
931	246
931	257
931	571
931	621
931	637
931	843
931	877
931	967
931	968
931	982
932	383
932	447
932	637
932	738
932	746
932	865
932	867
932	930
932	935
932	958
932	961
932	967
932	974
932	982
933	35
933	130
933	340
933	512
933	587
933	668
933	749
933	771
933	976
934	724
934	799
934	821
934	895
934	910
934	915
934	916
934	926
934	972
934	981
934	984
934	987
935	128
935	136
935	159
935	264
935	284
935	426
935	460
935	461
935	833
935	924
935	961
935	982
936	351
936	694
936	798
936	921
936	925
936	927
936	979
936	992
936	995
936	996
937	146
937	325
937	491
937	800
937	824
937	868
937	947
937	959
938	38
938	622
938	665
938	729
938	848
938	882
938	951
938	956
938	990
938	994
938	1000
939	33
939	236
939	237
939	539
939	623
939	705
939	795
940	510
940	568
940	687
940	691
940	811
940	892
940	907
940	953
940	957
940	971
940	985
940	999
941	307
941	463
941	495
941	805
941	835
941	882
941	906
941	951
941	988
941	990
941	997
942	28
942	372
942	438
942	579
942	698
942	863
942	956
942	988
942	994
942	1000
943	559
943	793
943	826
943	849
943	851
943	889
943	890
943	983
944	418
944	460
944	473
944	507
944	594
944	621
944	733
944	783
944	819
944	909
944	924
944	931
944	935
944	958
944	966
944	973
944	974
945	410
945	532
945	677
945	688
945	722
945	807
945	880
945	891
945	986
946	4
946	187
946	304
946	392
946	795
946	807
946	884
946	986
947	168
947	271
947	550
947	642
947	802
947	839
947	862
947	883
947	914
947	959
948	301
948	398
948	509
948	526
948	679
948	721
948	750
948	794
948	995
949	134
949	257
949	342
949	709
949	783
949	843
949	909
949	930
949	958
949	966
949	968
949	982
950	25
950	28
950	115
950	438
950	556
950	863
950	938
950	988
950	990
950	994
951	326
951	404
951	823
951	863
951	956
951	962
951	990
951	994
951	997
951	1000
952	484
952	737
952	782
952	822
952	856
952	869
952	919
952	969
952	976
953	50
953	272
953	321
953	479
953	748
953	836
953	905
953	965
953	991
953	993
953	999
954	424
954	464
954	608
954	772
954	790
954	895
954	899
954	915
954	916
954	926
954	972
954	981
954	984
954	987
955	314
955	443
955	517
955	710
955	768
955	794
955	927
955	992
955	995
955	996
956	195
956	201
956	232
956	414
956	485
956	672
956	756
956	813
956	960
956	997
956	1000
957	295
957	366
957	786
957	788
957	940
957	965
957	971
957	985
957	993
957	998
958	136
958	148
958	637
958	733
958	877
958	931
958	935
958	961
958	967
958	974
959	107
959	270
959	325
959	589
959	740
959	801
959	847
959	852
959	862
959	917
960	269
960	529
960	734
960	739
960	845
960	928
960	941
960	951
960	962
960	988
960	994
960	1000
961	162
961	348
961	374
961	418
961	473
961	594
961	607
961	924
961	931
961	944
961	968
961	974
961	982
962	42
962	356
962	439
962	469
962	556
962	657
962	680
962	845
962	990
962	994
962	1000
963	516
963	686
963	712
963	861
963	881
963	898
963	913
963	943
963	983
964	6
964	210
964	372
964	531
964	624
964	805
964	832
964	951
964	956
964	994
965	7
965	9
965	82
965	359
965	393
965	557
965	600
965	726
965	744
965	957
965	991
966	287
966	431
966	483
966	637
966	709
966	872
966	909
966	930
966	932
966	949
966	961
966	967
966	974
966	982
967	461
967	843
967	877
967	909
967	930
967	931
967	958
967	961
967	966
967	968
967	973
967	982
968	127
968	148
968	159
968	527
968	663
968	865
968	935
968	949
968	958
968	966
968	967
969	2
969	303
969	355
969	436
969	668
969	782
969	796
969	933
969	952
970	231
970	256
970	432
970	606
970	669
970	760
970	770
970	799
970	922
970	981
970	984
970	987
971	132
971	601
971	713
971	780
971	791
971	836
971	918
971	957
971	965
971	993
972	220
972	311
972	347
972	391
972	790
972	821
972	888
972	895
972	910
972	916
972	987
973	594
973	783
973	833
973	865
973	867
973	930
973	932
973	935
973	944
973	949
973	958
973	966
973	974
973	982
974	26
974	162
974	179
974	819
974	865
974	867
974	932
974	944
974	949
974	961
974	967
974	982
975	126
975	156
975	679
975	758
975	879
975	925
975	936
975	992
975	995
975	996
976	34
976	105
976	302
976	587
976	649
976	695
976	919
976	933
977	161
977	247
977	260
977	317
977	376
977	497
977	707
977	901
977	957
977	993
977	998
978	5
978	30
978	111
978	216
978	223
978	306
978	453
978	560
978	581
978	780
978	977
978	998
979	31
979	93
979	218
979	673
979	814
979	830
979	874
979	879
979	975
980	69
980	308
980	548
980	553
980	568
980	601
980	625
980	787
980	918
980	971
980	977
980	978
980	991
980	999
981	46
981	606
981	608
981	799
981	818
981	895
981	970
981	972
981	984
981	987
982	26
982	60
982	134
982	148
982	190
982	257
982	334
982	527
982	833
982	867
982	897
982	935
982	944
982	949
983	104
983	170
983	172
983	459
983	516
983	618
983	826
983	913
984	119
984	312
984	462
984	753
984	770
984	888
984	910
984	915
984	916
984	970
984	987
985	79
985	206
985	434
985	543
985	610
985	634
985	659
985	667
985	785
985	811
985	971
985	980
986	357
986	511
986	658
986	803
986	873
986	945
987	48
987	337
987	724
987	770
987	772
987	857
987	896
987	922
987	972
987	981
987	984
988	221
988	310
988	313
988	445
988	680
988	827
988	882
988	938
988	956
988	964
989	165
989	195
989	454
989	529
989	534
989	624
989	827
989	906
989	950
989	951
989	956
990	24
990	144
990	367
990	433
990	467
990	624
990	774
990	845
990	951
990	956
991	174
991	373
991	687
991	766
991	836
991	875
991	876
991	903
991	965
991	985
991	998
992	12
992	254
992	679
992	718
992	776
992	885
992	975
992	996
993	50
993	206
993	479
993	763
993	785
993	831
993	907
993	965
993	971
993	985
993	991
993	998
993	999
994	73
994	367
994	519
994	648
994	698
994	835
994	863
994	941
994	962
994	997
994	1000
995	245
995	364
995	520
995	588
995	885
995	927
995	975
996	301
996	361
996	631
996	697
996	721
996	731
996	776
996	871
996	975
996	995
997	196
997	232
997	319
997	414
997	495
997	838
997	863
997	962
997	988
997	990
997	994
998	18
998	117
998	253
998	373
998	387
998	488
998	659
998	787
998	836
998	957
999	174
999	183
999	406
999	502
999	513
999	691
999	707
999	876
999	965
999	985
999	998
1000	24
1000	100
1000	101
1000	145
1000	324
1000	353
1000	356
1000	761
1000	882
1000	912
